user_id,user_gender,country,age_group,traveller_type,join_date
1,Female,United Kingdom,35-44,Solo,2024-09-29
2,Male,United Kingdom,25-34,Solo,2023-11-29
3,Female,Mexico,25-34,Family,2022-04-03
4,Male,India,35-44,Family,2023-12-02
5,Other,Japan,25-34,Solo,2021-12-18
6,Male,Brazil,25-34,Couple,2025-06-27
7,Male,United Kingdom,25-34,Business,2022-07-13
8,Female,Spain,45-54,Couple,2024-09-05
9,Female,India,35-44,Solo,
10,Male,United Kingdom,45-54,Solo,2024-11-14
11,Other,,25-34,INVALID_LABEL,2022-02-25
12,Female,India,25-34,Solo,2024-12-13
13,Male,,25-34,Couple,2022-07-31
14,Male,INVALID_LABEL,18-24,Family,2021-06-29
15,Female,Nigeria,35-44,Couple,2021-10-18
16,Male,New Zealand,25-34,,2023-07-16
17,Female,United States,25-34,Family,2025-01-28
18,Male,India,18-24,Couple,2023-04-16
19,Male,Australia,35-44,Couple,2021-11-26
20,Female,Spain,55+,Solo,2022-01-01
21,Male,Australia,25-34,Couple,2020-09-16
22,Male,Germany,35-44,Solo,2022-08-14
23,Female,United Kingdom,35-44,Solo,2024-12-27
24,Male,France,25-34,Solo,2024-04-18
25,Male,Japan,25-34,Business,2024-11-14
26,Male,China,35-44,Family,2022-01-25
27,Female,United States,45-54,Couple,2025-03-06
28,Male,,25-34,Family,2100-01-01
29,Female,Brazil,45-54,INVALID_LABEL,2025-05-08
30,Female,India,18-24,Family,
31,Male,Japan,25-34,Solo,2023-10-17
32,Male,China,35-44,Family,2025-07-09
33,Female,India,35-44,Family,2022-03-05
34,Female,United Kingdom,35-44,Solo,2024-04-26
35,Male,,55+,Business,2021-02-10
36,Male,Russia,18-24,Couple,2024-03-26
37,Male,Australia,18-24,Couple,2020-08-19
38,Male,United States,35-44,Couple,2023-04-07
39,Female,Egypt,25-34,Family,2020-08-17
40,Female,Russia,35-44,Solo,2024-04-02
41,Male,Spain,18-24,Solo,2022-02-17
42,Male,United Kingdom,35-44,Business,2023-11-09
43,Other,Argentina,35-44,Family,2023-08-08
44,Male,Germany,35-44,Couple,2021-08-18
45,Male,United States,35-44,Family,2023-05-01
46,Female,Germany,35-44,Family,2022-08-18
47,Male,Germany,35-44,Family,2022-01-30
48,Female,New Zealand,45-54,Solo,2025-04-18
49,Female,United States,45-54,Solo,2024-04-10
50,Female,,25-34,Family,2021-03-09
51,Female,United Kingdom,45-54,Couple,2023-10-21
52,Male,Japan,25-34,Business,2025-05-23
53,Male,South Africa,45-54,Family,2023-01-11
54,Male,United States,25-34,Couple,2021-05-20
55,Female,United Kingdom,55+,Business,2021-06-13
56,Female,Spain,55+,Family,2024-03-01
57,Male,Russia,35-44,Solo,2022-11-23
58,Male,China,35-44,INVALID_LABEL,2021-09-21
59,Female,United States,25-34,Couple,2025-03-07
60,Male,United States,45-54,Solo,2025-06-14
61,Female,Japan,55+,Solo,2024-05-11
62,Female,,25-34,Solo,2023-06-30
63,Female,France,25-34,Couple,2023-06-30
64,Female,United States,45-54,Business,2021-12-03
65,Male,United States,25-34,Solo,2021-10-13
66,Other,United States,25-34,Couple,2025-04-07
67,Male,United States,35-44,Couple,2021-05-11
68,Other,Mexico,25-34,Solo,2024-12-13
69,Male,Germany,35-44,,2022-12-14
70,Male,Germany,55+,Family,2024-01-07
71,Male,New Zealand,25-34,Couple,2025-05-28
72,Female,China,35-44,INVALID_LABEL,
73,Female,United Kingdom,18-24,Solo,2025-03-06
74,Male,France,35-44,Business,2022-06-20
75,Female,Italy,45-54,Business,2023-09-19
76,Female,Australia,25-34,Family,2023-04-22
77,Female,Italy,35-44,Family,2022-05-16
78,Female,Japan,45-54,Business,2022-08-13
79,Male,United States,35-44,Couple,2020-12-16
80,Male,Australia,25-34,Couple,2022-01-28
81,Other,Australia,35-44,Couple,1900-01-01
82,Female,Thailand,25-34,Couple,
83,Male,United States,25-34,Solo,2024-07-03
84,Female,United Arab Emirates,35-44,Family,2022-01-16
85,Male,Japan,35-44,Family,2023-04-28
86,Male,South Korea,45-54,Business,2023-07-27
87,Female,,18-24,Solo,2022-03-07
88,Male,France,45-54,Family,2100-01-01
89,Female,Argentina,25-34,Couple,2025-05-24
90,Male,United Kingdom,45-54,Family,2024-10-28
91,Female,United Kingdom,25-34,Family,2024-08-15
92,Female,United States,25-34,Solo,2023-10-09
93,Male,Turkey,35-44,Couple,2021-08-26
94,Female,United Kingdom,45-54,Couple,2024-09-10
95,Male,United States,18-24,Couple,2023-12-28
96,Male,China,25-34,Business,2024-07-10
97,Male,New Zealand,35-44,Family,2023-01-30
98,Female,INVALID_LABEL,25-34,Solo,2025-02-01
99,Female,United States,25-34,,2020-08-27
100,Male,China,35-44,Couple,2023-05-13
101,Male,China,25-34,Solo,
102,Female,India,25-34,Couple,2024-03-19
103,Other,Italy,35-44,INVALID_LABEL,2020-08-17
104,Male,INVALID_LABEL,25-34,Family,2023-08-18
105,Male,United Arab Emirates,18-24,Solo,
106,Other,Brazil,45-54,Couple,2023-11-28
107,Female,Netherlands,35-44,Business,2020-09-03
108,Male,Argentina,25-34,Couple,2023-03-03
109,Female,United Kingdom,45-54,Couple,2024-02-18
110,Male,Canada,25-34,Business,2025-04-20
111,Male,United States,25-34,Couple,2022-11-27
112,Other,France,35-44,Business,2021-08-03
113,Male,United States,35-44,Couple,2024-05-02
114,Female,China,25-34,Family,2024-01-23
115,Female,United States,45-54,Family,2021-03-17
116,Female,Japan,35-44,Solo,1900-01-01
117,Male,China,55+,Solo,2023-08-11
118,Other,Netherlands,25-34,Couple,2024-05-29
119,Female,United Arab Emirates,35-44,Solo,2020-08-20
120,Female,New Zealand,35-44,Couple,2021-06-26
121,Male,Canada,25-34,Solo,2023-08-26
122,Female,Germany,25-34,Family,2023-03-15
123,Female,France,25-34,Couple,2022-04-24
124,Female,France,35-44,Family,2024-05-24
125,Female,United Kingdom,35-44,Family,2021-12-31
126,Female,Brazil,25-34,Couple,2024-05-12
127,Female,Canada,25-34,Business,2025-05-10
128,Male,China,55+,Family,2023-05-04
129,Male,Canada,35-44,Couple,2021-08-23
130,Female,,25-34,Couple,2024-07-01
131,Male,Japan,25-34,Family,2020-11-22
132,Female,Australia,35-44,Family,2020-10-18
133,Male,Brazil,55+,Business,2024-11-04
134,Female,China,35-44,Couple,2022-11-06
135,Male,France,25-34,Family,
136,Female,United Kingdom,25-34,Couple,2023-12-22
137,Male,South Africa,25-34,Family,2025-01-19
138,Female,Spain,25-34,Family,2022-02-03
139,Other,Australia,55+,Business,2023-12-11
140,Male,Turkey,18-24,Business,2023-03-03
141,Male,United Kingdom,35-44,,2024-01-18
142,Male,Spain,35-44,Business,2021-11-24
143,Female,Brazil,35-44,Family,2020-10-07
144,Male,Germany,25-34,Family,2025-07-11
145,Female,Germany,35-44,Family,2022-12-16
146,Male,France,45-54,Couple,2024-02-11
147,Male,United States,35-44,Couple,2022-10-26
148,Other,Netherlands,45-54,Family,2020-12-23
149,Other,France,45-54,Business,2024-05-27
150,Female,Germany,35-44,Solo,2024-07-16
151,Female,Argentina,55+,Couple,2022-03-26
152,Female,Spain,35-44,Family,2024-06-06
153,Female,United States,35-44,Business,2023-06-25
154,Female,United Kingdom,35-44,Family,2021-06-08
155,Male,United States,35-44,Couple,2021-03-28
156,Male,Russia,25-34,Couple,2024-04-03
157,Male,Canada,18-24,Family,1900-01-01
158,Male,United Kingdom,35-44,Business,2023-01-29
159,Female,United States,25-34,Business,2025-06-05
160,Male,,25-34,Couple,2024-09-02
161,Female,United States,25-34,Family,2022-05-07
162,Male,Germany,35-44,Solo,2025-05-21
163,Other,United Kingdom,55+,Couple,2021-01-21
164,Male,South Korea,55+,Couple,2023-04-18
165,Female,Italy,25-34,,2022-11-08
166,Female,,35-44,Solo,2021-10-03
167,Female,United States,35-44,Couple,1900-01-01
168,Female,United Kingdom,55+,Couple,2025-03-02
169,Male,Turkey,18-24,Family,2025-05-02
170,Other,United Kingdom,35-44,Solo,2021-09-14
171,Female,Italy,35-44,Family,2021-01-23
172,Male,United Arab Emirates,45-54,Couple,2024-11-04
173,Other,France,45-54,Solo,2021-01-30
174,Male,Germany,35-44,Solo,2025-01-10
175,Female,Russia,55+,Couple,2023-10-21
176,Male,Germany,25-34,Couple,2025-02-02
177,Female,India,55+,Family,
178,Male,France,25-34,,2025-07-08
179,Male,France,45-54,Couple,2025-07-06
180,Female,Germany,25-34,Solo,2025-06-11
181,Male,,25-34,Business,2023-09-26
182,Female,United States,35-44,Business,2023-03-15
183,Female,Japan,25-34,Couple,2020-08-17
184,Male,Nigeria,25-34,Couple,
185,Female,United States,35-44,Family,2024-09-16
186,Female,INVALID_LABEL,55+,,2021-10-28
187,Male,Germany,25-34,Family,2024-02-17
188,Female,Thailand,25-34,,2023-07-28
189,Female,New Zealand,45-54,Family,2024-05-17
190,Female,Nigeria,25-34,Family,
191,Female,United Kingdom,35-44,Family,
192,Male,China,45-54,Couple,2024-05-15
193,Female,France,25-34,Family,2022-03-31
194,Male,Japan,55+,Solo,2023-07-21
195,Female,Canada,18-24,Couple,2022-12-14
196,Female,United Kingdom,25-34,Couple,2023-06-17
197,Male,Singapore,35-44,Couple,2023-12-11
198,Male,INVALID_LABEL,45-54,Family,2023-01-03
199,Male,United Kingdom,35-44,Couple,2025-07-15
200,Female,United States,25-34,Business,2024-02-09
201,Female,Argentina,35-44,Couple,2021-09-12
202,Male,INVALID_LABEL,35-44,Family,2025-05-28
203,Other,Turkey,45-54,Couple,2024-03-23
204,Male,Italy,25-34,Business,2024-08-04
205,Female,United States,45-54,Solo,2021-03-25
206,Male,Nigeria,25-34,Business,2022-10-18
207,Female,Mexico,35-44,Family,2023-11-07
208,Male,United Kingdom,25-34,Family,2021-10-25
209,Male,Mexico,18-24,Couple,2023-02-04
210,Other,Germany,25-34,Solo,2022-06-09
211,Male,,25-34,Couple,2024-06-23
212,Male,INVALID_LABEL,35-44,Solo,2024-11-10
213,Female,United States,25-34,Business,2024-08-09
214,Male,Japan,35-44,Solo,2023-11-07
215,Female,South Africa,45-54,Solo,2023-01-09
216,Male,Germany,25-34,Couple,2025-03-08
217,Male,Thailand,25-34,Couple,2021-08-01
218,Male,United States,45-54,Solo,2022-08-12
219,Other,Russia,35-44,Business,2023-03-15
220,Female,Germany,25-34,Solo,2024-07-07
221,Male,China,35-44,Couple,2022-01-14
222,Female,Canada,35-44,Solo,2023-05-22
223,Other,United States,25-34,Couple,2022-01-19
224,Male,United Kingdom,35-44,Business,2024-05-26
225,Female,France,25-34,Couple,2023-12-27
226,Female,United Arab Emirates,55+,Business,2023-03-21
227,Male,United Kingdom,35-44,Family,2024-12-20
228,Female,Egypt,25-34,Couple,2022-12-09
229,Male,Brazil,45-54,Business,2025-06-03
230,Male,France,45-54,Couple,2023-04-29
231,Other,China,55+,Couple,2025-06-16
232,Female,United States,25-34,Couple,2020-12-24
233,Female,United Kingdom,45-54,Business,2022-11-04
234,Male,France,35-44,Business,
235,Male,Thailand,35-44,,2025-06-16
236,Male,,18-24,Solo,2024-01-31
237,Male,United States,18-24,Solo,2021-06-26
238,Female,,35-44,Couple,2024-08-24
239,Male,South Korea,35-44,Family,2023-09-13
240,Male,United Kingdom,25-34,,2020-09-03
241,Female,United Kingdom,18-24,Family,2024-12-30
242,Female,Netherlands,25-34,Couple,2025-03-15
243,Male,Spain,35-44,Couple,2024-02-09
244,Male,,18-24,Family,2020-09-09
245,Male,United States,18-24,Solo,2024-04-12
246,Female,New Zealand,55+,Family,2020-09-30
247,Male,France,45-54,Couple,2023-03-04
248,Female,Canada,25-34,Couple,2021-07-28
249,Male,United States,35-44,Solo,2025-04-23
250,Male,United States,25-34,Solo,2025-08-06
251,Female,China,35-44,Couple,2023-02-28
252,Male,China,45-54,Family,2025-04-06
253,Female,Egypt,18-24,Solo,2022-03-05
254,Female,France,35-44,Business,
255,Female,New Zealand,55+,Solo,2025-04-25
256,Female,India,55+,,2020-10-25
257,Female,,55+,,2021-10-03
258,Male,,45-54,Couple,2023-02-17
259,Male,United Arab Emirates,45-54,Business,2021-11-06
260,Male,Mexico,45-54,Couple,2020-11-26
261,Female,,25-34,Couple,2023-05-02
262,Male,United Kingdom,35-44,Family,2021-04-19
263,Male,France,55+,Business,2024-07-03
264,Male,France,18-24,Couple,
265,Male,Canada,35-44,Family,2023-07-22
266,Male,United Arab Emirates,25-34,Solo,2023-12-18
267,Female,Canada,35-44,Business,2021-07-31
268,Male,Mexico,55+,Couple,2023-07-17
269,Female,Japan,25-34,,2022-05-11
270,Female,Argentina,45-54,Family,2023-02-02
271,Male,China,45-54,Family,2024-07-22
272,Other,Canada,45-54,Couple,2023-02-05
273,Female,United Kingdom,25-34,Business,2022-11-26
274,Female,Nigeria,35-44,Solo,2024-01-10
275,Female,Germany,45-54,Family,2023-05-02
276,Female,United Arab Emirates,18-24,Couple,1900-01-01
277,Male,United Kingdom,45-54,Family,2025-04-15
278,Female,Japan,25-34,,2022-09-30
279,Male,Australia,35-44,Couple,2021-01-28
280,Female,,18-24,Business,2024-12-06
281,Female,Germany,35-44,Business,2025-03-10
282,Male,United Arab Emirates,25-34,Couple,
283,Male,United States,35-44,INVALID_LABEL,2023-03-26
284,Male,Germany,45-54,Solo,2023-08-22
285,Male,Germany,18-24,Solo,2022-06-20
286,Female,United Kingdom,25-34,Family,2025-06-12
287,Female,United Arab Emirates,25-34,Business,2020-08-20
288,Male,Australia,18-24,Business,2021-08-24
289,Female,Japan,35-44,Couple,2021-01-11
290,Male,Japan,25-34,Couple,
291,Male,South Korea,45-54,Couple,2022-07-28
292,Female,Mexico,45-54,Couple,2021-02-28
293,Male,United Kingdom,35-44,Solo,2023-11-29
294,Male,United Kingdom,25-34,Couple,2024-01-28
295,Female,,55+,Couple,
296,Male,United States,18-24,Solo,1900-01-01
297,Male,Japan,18-24,Couple,2022-04-27
298,Male,China,45-54,Family,2022-03-05
299,Male,Thailand,35-44,Couple,2023-03-05
300,Female,Australia,45-54,Solo,2021-03-13
301,Male,China,55+,Solo,2024-12-23
302,Male,China,35-44,Couple,2022-05-27
303,Female,Mexico,18-24,Couple,2023-01-04
304,Male,United States,35-44,Couple,
305,Female,United Kingdom,25-34,Family,2023-01-19
306,Male,India,35-44,Solo,2021-01-22
307,Female,South Korea,18-24,Business,2022-06-25
308,Other,South Korea,25-34,Family,2025-04-24
309,Male,Italy,25-34,Couple,
310,Male,Japan,25-34,Solo,2024-10-27
311,Female,United Kingdom,35-44,Solo,2023-05-14
312,Male,United Kingdom,55+,INVALID_LABEL,2023-03-26
313,Male,Nigeria,25-34,Family,2020-08-10
314,Other,China,18-24,Family,2023-04-24
315,Male,Mexico,55+,Business,2023-07-20
316,Male,United Kingdom,25-34,Solo,2021-10-06
317,Female,China,35-44,Solo,2022-09-22
318,Female,China,25-34,Couple,2023-05-30
319,Female,China,45-54,Family,2024-12-26
320,Female,Brazil,35-44,Couple,2022-09-23
321,Female,United Arab Emirates,45-54,Solo,2025-01-21
322,Female,United States,25-34,Solo,2023-04-18
323,Male,France,45-54,Solo,2024-10-24
324,Male,China,25-34,Couple,2025-03-27
325,Male,Brazil,25-34,Business,2022-02-23
326,Male,France,45-54,Family,2021-03-26
327,Male,United States,25-34,Family,2023-12-29
328,Female,Germany,35-44,Couple,2022-09-04
329,Male,India,45-54,Family,2024-07-26
330,Male,Singapore,18-24,Family,2024-12-08
331,Female,Netherlands,18-24,Solo,2020-08-14
332,Female,,35-44,,2024-12-07
333,Male,Nigeria,25-34,Couple,
334,Male,France,45-54,Business,2024-05-16
335,Other,Japan,35-44,Family,2023-03-10
336,Male,United Arab Emirates,25-34,Couple,2023-05-14
337,Female,Brazil,18-24,Business,2023-12-30
338,Male,Germany,25-34,Couple,2022-10-01
339,Female,,18-24,,2021-12-24
340,Male,Russia,45-54,Business,2025-04-28
341,Female,Netherlands,18-24,Business,2023-10-12
342,Other,Netherlands,45-54,,2022-01-19
343,Female,Brazil,35-44,Family,2021-01-01
344,Male,South Korea,45-54,Solo,2023-11-17
345,Female,,18-24,Business,2025-04-28
346,Female,New Zealand,35-44,Solo,2025-02-16
347,Other,United Arab Emirates,25-34,Couple,2023-10-25
348,Female,United Arab Emirates,45-54,Family,2024-04-12
349,Female,China,25-34,Couple,2021-04-26
350,Female,Russia,25-34,,2022-02-17
351,Male,South Korea,55+,Couple,2024-10-13
352,Female,Brazil,35-44,Business,2025-06-08
353,Male,United Arab Emirates,55+,Business,2025-07-14
354,Male,Germany,25-34,Family,
355,Female,United Kingdom,25-34,Solo,2100-01-01
356,Female,United States,35-44,Business,2025-03-20
357,Male,China,18-24,Family,2022-08-02
358,Male,United Kingdom,25-34,Solo,2022-01-19
359,Female,France,25-34,Family,2024-04-04
360,Other,Spain,35-44,Solo,2025-01-28
361,Male,France,35-44,Solo,2023-09-23
362,Male,Brazil,18-24,Business,2023-11-17
363,Male,,35-44,Solo,2021-10-25
364,Male,United Kingdom,55+,Family,2021-03-06
365,Female,Turkey,55+,Solo,2022-03-20
366,Male,Mexico,18-24,Couple,2021-12-13
367,Other,India,55+,Family,2020-10-21
368,Male,Germany,35-44,Solo,
369,Female,United Kingdom,25-34,Couple,2022-09-26
370,Female,Mexico,25-34,Solo,2021-03-12
371,Female,United States,55+,Family,2022-01-20
372,Female,Japan,25-34,Solo,2023-06-29
373,Female,China,35-44,Solo,2025-04-02
374,Female,Spain,35-44,Couple,2024-07-28
375,Female,United Kingdom,45-54,Couple,2023-07-30
376,Other,United Kingdom,25-34,Couple,2023-05-05
377,Other,Brazil,55+,Business,2024-08-08
378,Male,Brazil,35-44,Family,2021-05-26
379,Male,,45-54,Business,2024-06-04
380,Female,China,35-44,Family,2100-01-01
381,Female,United Kingdom,18-24,Couple,2023-07-01
382,Male,South Africa,45-54,Family,2024-08-23
383,Male,Japan,45-54,Business,2024-05-05
384,Female,Germany,55+,Couple,2100-01-01
385,Male,Brazil,45-54,Solo,2025-07-19
386,Female,Brazil,35-44,Family,2024-06-17
387,Other,Canada,18-24,Business,2022-07-07
388,Male,Netherlands,35-44,Family,2022-12-16
389,Female,Turkey,25-34,Couple,2024-01-17
390,Female,Australia,35-44,,2100-01-01
391,Female,,45-54,Couple,2023-08-01
392,Male,Brazil,35-44,Family,2020-12-14
393,Female,Brazil,18-24,INVALID_LABEL,2025-02-07
394,Female,China,35-44,Solo,2024-11-09
395,Male,Argentina,45-54,Couple,2024-02-04
396,Male,United States,35-44,Couple,2022-05-04
397,Male,Canada,35-44,Family,2022-07-28
398,Male,Canada,55+,Family,2022-04-22
399,Male,United States,18-24,Couple,2024-08-30
400,Female,Germany,25-34,Solo,2024-10-16
401,Female,United Arab Emirates,25-34,Solo,2021-07-06
402,Male,United Kingdom,18-24,Solo,2025-02-21
403,Male,France,25-34,Business,2021-04-29
404,Male,Canada,25-34,Family,2023-12-23
405,Male,France,35-44,Business,2023-12-06
406,Female,Australia,25-34,Solo,2021-12-11
407,Male,Mexico,25-34,Solo,2021-01-28
408,Male,China,35-44,Couple,2025-01-01
409,Male,China,35-44,Family,2025-04-20
410,Male,United Kingdom,45-54,Couple,2023-02-21
411,Male,Canada,25-34,Couple,2021-07-15
412,Female,Australia,45-54,Business,2023-01-26
413,Female,Japan,35-44,Family,2024-08-27
414,Male,France,55+,Business,2022-09-14
415,Male,Thailand,55+,Family,2020-10-18
416,Male,Australia,45-54,Business,2022-10-27
417,Female,Canada,45-54,Couple,2021-07-19
418,Male,China,55+,Business,2021-06-02
419,Other,Germany,35-44,Couple,2022-06-28
420,Other,United Arab Emirates,35-44,Couple,2023-11-28
421,Male,United Kingdom,45-54,Business,
422,Male,Brazil,35-44,Business,2021-11-04
423,Female,Australia,35-44,Couple,2025-01-21
424,Female,Mexico,25-34,Couple,2023-11-11
425,Male,United Kingdom,35-44,Solo,2021-05-05
426,Female,United Arab Emirates,25-34,Family,2021-08-20
427,Female,China,25-34,Business,2023-08-20
428,Female,Netherlands,45-54,Solo,2021-12-01
429,Female,Germany,35-44,Couple,2020-10-25
430,Other,United States,45-54,Business,2023-11-09
431,Female,Australia,18-24,Family,
432,Female,United Kingdom,35-44,Couple,2025-04-01
433,Male,Brazil,45-54,Couple,2022-12-20
434,Male,Australia,18-24,Family,2021-04-02
435,Female,France,35-44,Couple,2024-05-09
436,Other,South Korea,18-24,Solo,2023-10-29
437,Female,Brazil,25-34,Couple,2025-01-26
438,Female,France,35-44,Family,2022-05-27
439,Male,Russia,25-34,Solo,2020-09-22
440,Female,China,55+,Solo,2023-04-22
441,Male,United States,35-44,Solo,2020-10-29
442,Other,Japan,35-44,Family,2021-04-22
443,Male,Thailand,25-34,Business,2022-08-23
444,Female,Thailand,18-24,Couple,2023-10-26
445,Other,Canada,45-54,Couple,2023-01-10
446,Female,Brazil,18-24,Family,2024-11-02
447,Male,,35-44,Couple,2020-12-15
448,Male,United Kingdom,35-44,Business,2024-11-17
449,Male,Japan,45-54,Family,2021-03-12
450,Male,Germany,35-44,,
451,Female,United States,25-34,Couple,2025-01-15
452,Male,Russia,25-34,Solo,2024-11-22
453,Female,United Kingdom,35-44,Couple,2020-08-28
454,Female,United States,18-24,Solo,2021-10-29
455,Other,France,45-54,Family,2025-05-21
456,Male,United Kingdom,25-34,Family,2023-05-24
457,Female,South Korea,25-34,Couple,2025-03-22
458,Female,United Kingdom,18-24,Couple,2023-04-27
459,Female,South Korea,35-44,Business,2100-01-01
460,Other,China,25-34,Business,2022-12-21
461,Male,Germany,45-54,Couple,2023-07-18
462,Male,,25-34,Couple,2021-02-24
463,Female,United Kingdom,35-44,Couple,2023-07-23
464,Female,United States,35-44,Solo,2023-12-12
465,Female,Singapore,35-44,Family,2023-05-09
466,Female,Germany,45-54,Business,2023-04-23
467,Male,United Kingdom,35-44,Business,2023-01-22
468,Other,South Korea,55+,Family,2023-08-22
469,Female,China,45-54,Couple,2025-07-23
470,Female,Italy,35-44,,2021-05-26
471,Male,China,25-34,Business,2024-06-12
472,Male,United States,45-54,Couple,2022-12-03
473,Male,United Kingdom,18-24,Business,2021-02-12
474,Female,United States,45-54,Solo,2021-01-03
475,Male,Turkey,35-44,Family,2025-07-06
476,Male,United Kingdom,25-34,INVALID_LABEL,2021-04-25
477,Other,Germany,25-34,INVALID_LABEL,2020-10-06
478,Female,Russia,35-44,Solo,2025-06-06
479,Male,INVALID_LABEL,35-44,Solo,2022-10-25
480,Female,Germany,55+,Solo,2100-01-01
481,Male,United Kingdom,55+,Solo,2025-02-02
482,Male,Germany,55+,Solo,
483,Female,United States,45-54,Business,2100-01-01
484,Male,Germany,45-54,Business,2025-06-09
485,Female,Spain,55+,Solo,2023-10-05
486,Male,United States,18-24,INVALID_LABEL,2024-05-20
487,Female,Canada,25-34,Family,2023-04-01
488,Male,France,45-54,Business,2023-04-12
489,Female,Australia,18-24,Couple,2024-04-15
490,Female,Canada,25-34,Couple,2025-05-17
491,Female,Singapore,25-34,Couple,2021-08-25
492,Male,Germany,18-24,Family,2025-07-04
493,Male,United States,35-44,Couple,
494,Female,Mexico,55+,Couple,2024-06-26
495,Male,Spain,55+,Couple,2022-02-01
496,Female,Canada,35-44,Solo,2023-07-19
497,Female,France,25-34,Couple,2022-02-17
498,Female,Spain,35-44,Solo,2025-03-04
499,Male,Germany,35-44,,2023-05-18
500,Male,Japan,35-44,Business,2024-11-17
501,Male,Japan,25-34,Business,2020-12-09
502,Male,,25-34,Solo,
503,Female,Russia,25-34,Business,2021-07-01
504,Other,United Kingdom,25-34,Solo,2024-02-09
505,Female,United Kingdom,18-24,Couple,2021-09-25
506,Female,United Kingdom,45-54,Couple,2024-05-25
507,Male,Brazil,55+,Couple,2023-03-23
508,Male,China,35-44,Business,2024-04-04
509,Female,Russia,25-34,Business,2022-06-14
510,Female,United Kingdom,45-54,Business,2024-05-14
511,Female,France,35-44,Couple,2023-09-05
512,Male,Italy,25-34,Couple,2021-12-22
513,Other,South Korea,35-44,Family,2022-06-13
514,Other,Egypt,35-44,Couple,2022-04-03
515,Male,Germany,45-54,Couple,2022-05-02
516,Female,France,25-34,Couple,
517,Male,China,25-34,Solo,2023-11-09
518,Female,United Kingdom,18-24,Family,2023-01-18
519,Male,Turkey,25-34,Business,2024-04-11
520,Female,Japan,25-34,Couple,2022-03-06
521,Other,France,35-44,Couple,2021-09-12
522,Male,Germany,25-34,Couple,2021-09-18
523,Male,United States,25-34,Family,2022-06-29
524,Female,Australia,35-44,Business,2022-09-01
525,Male,China,18-24,Family,2020-09-14
526,Female,France,25-34,Couple,2024-11-03
527,Female,United Arab Emirates,25-34,Solo,2021-04-08
528,Male,United Kingdom,35-44,Family,2022-07-21
529,Male,Italy,35-44,Couple,2020-12-27
530,Male,United Kingdom,25-34,Business,2024-04-05
531,Female,South Korea,45-54,Family,2022-12-27
532,Female,China,25-34,Solo,2022-05-13
533,Female,China,25-34,Solo,2100-01-01
534,Female,United Arab Emirates,25-34,Family,2021-10-08
535,Female,Spain,45-54,Family,2023-05-24
536,Female,Spain,35-44,Business,2025-03-26
537,Female,Singapore,35-44,Solo,2023-09-07
538,Male,Italy,18-24,Business,2020-12-05
539,Male,Canada,25-34,Couple,2022-04-11
540,Female,China,25-34,Family,2023-06-28
541,Male,Italy,25-34,Family,2020-11-25
542,Male,,35-44,Business,2024-05-18
543,Male,,35-44,Business,2025-04-08
544,Male,Germany,25-34,Business,2025-02-20
545,Male,South Korea,35-44,Couple,2021-12-18
546,Male,Brazil,35-44,Couple,2023-01-10
547,Male,United States,25-34,Solo,
548,Female,China,25-34,Family,2025-07-24
549,Female,United States,55+,Couple,2024-05-13
550,Male,South Korea,55+,Couple,2023-01-10
551,Male,Germany,35-44,Business,2021-08-27
552,Female,United States,35-44,Business,2022-08-26
553,Female,Mexico,25-34,Couple,2022-10-09
554,Male,Russia,45-54,Business,2021-02-24
555,Male,Japan,35-44,Couple,2023-06-19
556,Male,Brazil,18-24,Solo,2023-07-22
557,Other,Germany,55+,Family,2020-09-05
558,Female,INVALID_LABEL,35-44,,2022-12-27
559,Female,France,25-34,Couple,2021-11-24
560,Male,United States,35-44,Business,2021-05-05
561,Female,United States,35-44,Couple,2024-09-22
562,Other,China,18-24,Solo,2021-05-08
563,Female,China,25-34,Business,2020-08-26
564,Male,United States,25-34,Family,2024-11-16
565,Male,Argentina,35-44,Solo,2022-03-26
566,Female,United States,35-44,Couple,2022-10-07
567,Male,Japan,35-44,Family,2024-08-05
568,Male,,25-34,,2021-10-28
569,Male,United Kingdom,18-24,Couple,2024-11-21
570,Male,Spain,25-34,Family,2025-04-16
571,Female,Nigeria,35-44,Business,2023-10-01
572,Female,Italy,35-44,Business,2021-11-18
573,Male,United Kingdom,35-44,Solo,2023-02-03
574,Female,United States,18-24,INVALID_LABEL,2022-10-17
575,Male,United States,35-44,Solo,2020-09-05
576,Male,United Kingdom,45-54,INVALID_LABEL,1900-01-01
577,Male,Germany,35-44,Family,2024-10-07
578,Female,China,35-44,Couple,2024-01-12
579,Other,,25-34,Couple,2022-01-09
580,Male,Spain,25-34,Solo,2023-10-09
581,Female,Turkey,25-34,Family,2022-09-21
582,Male,France,35-44,Business,2021-10-14
583,Male,Russia,35-44,Family,2022-10-30
584,Male,China,45-54,Couple,2023-04-28
585,Female,United States,35-44,Couple,2021-01-18
586,Female,Japan,35-44,Business,
587,Female,Brazil,45-54,Solo,2022-02-23
588,Male,United States,18-24,Solo,2022-05-26
589,Female,Germany,45-54,Business,2023-09-07
590,Other,Australia,45-54,Business,2024-11-28
591,Female,United Kingdom,25-34,Couple,2022-10-17
592,Female,United Arab Emirates,45-54,Couple,2022-11-10
593,Male,Japan,35-44,Couple,2024-09-08
594,Male,,25-34,Business,
595,Male,Russia,35-44,Family,2024-06-25
596,Male,France,25-34,Couple,2022-10-13
597,Female,Spain,55+,Business,2021-10-28
598,Male,United Kingdom,25-34,Solo,2025-03-29
599,Female,United Arab Emirates,25-34,Business,2021-02-08
600,Male,,18-24,Business,
601,Female,United Arab Emirates,35-44,Business,2100-01-01
602,Male,China,35-44,Couple,2023-06-18
603,Male,China,25-34,Business,2023-03-28
604,Male,United States,18-24,Business,2024-12-24
605,Male,Germany,35-44,Couple,2021-03-26
606,Other,Japan,25-34,Business,2021-01-19
607,Other,Germany,35-44,Business,2024-05-29
608,Male,India,35-44,Solo,2020-09-04
609,Other,Spain,35-44,Business,2024-06-03
610,Female,China,25-34,Couple,2022-04-02
611,Female,United States,35-44,Family,2022-04-17
612,Male,United States,18-24,Family,2023-10-10
613,Female,Brazil,35-44,Family,2023-05-18
614,Male,United Kingdom,25-34,Couple,2021-04-22
615,Female,Italy,35-44,Couple,2022-09-15
616,Other,United States,35-44,Business,2023-07-13
617,Other,Turkey,25-34,Business,2024-02-08
618,Male,France,35-44,Family,2023-01-31
619,Female,France,25-34,Family,2024-05-26
620,Other,,55+,Family,2020-11-20
621,Male,,55+,Couple,2023-08-05
622,Female,Australia,18-24,Business,2025-03-23
623,Female,United Kingdom,35-44,Family,2021-06-18
624,Male,United States,45-54,,2021-09-30
625,Male,Italy,25-34,Family,2025-02-06
626,Female,Russia,35-44,Solo,2024-05-07
627,Other,United States,45-54,Solo,2021-11-07
628,Female,South Korea,35-44,Family,2024-10-19
629,Male,Brazil,55+,Solo,
630,Female,United States,35-44,Couple,2023-12-04
631,Male,India,45-54,,2021-05-31
632,Female,France,25-34,Couple,2024-09-20
633,Female,United States,25-34,Family,2023-12-25
634,Female,Brazil,35-44,Couple,2023-01-02
635,Male,Turkey,35-44,Solo,2025-04-30
636,Other,Italy,55+,Business,2022-04-04
637,Female,Australia,25-34,Business,2023-07-10
638,Male,France,45-54,Couple,2025-02-18
639,Male,,35-44,Couple,2021-01-05
640,Male,Germany,25-34,Couple,2024-01-20
641,Male,INVALID_LABEL,35-44,Couple,2020-08-27
642,Male,Germany,25-34,Family,1900-01-01
643,Female,New Zealand,18-24,Business,2020-08-25
644,Female,Thailand,35-44,Business,2021-05-24
645,Male,South Africa,55+,Couple,2022-06-01
646,Male,United States,18-24,Business,2024-03-15
647,Female,United Kingdom,45-54,Family,2024-10-16
648,Female,India,55+,Solo,2023-12-14
649,Female,Japan,35-44,Couple,2024-01-22
650,Male,Brazil,25-34,Business,2023-04-28
651,Female,China,25-34,Solo,2021-12-28
652,Female,Brazil,35-44,Business,2020-12-01
653,Male,Germany,35-44,Business,2023-04-08
654,Female,New Zealand,18-24,Family,2024-02-02
655,Other,Russia,25-34,Business,2022-01-06
656,Female,Argentina,25-34,Couple,2020-10-26
657,Other,United States,25-34,Couple,2021-01-14
658,Female,Spain,45-54,Business,2022-06-01
659,Other,United States,45-54,Family,2024-05-05
660,Male,Egypt,35-44,Solo,2025-04-16
661,Male,India,25-34,Couple,2021-06-06
662,Male,Canada,35-44,Couple,2025-04-20
663,Female,United Kingdom,18-24,Business,2022-01-29
664,Male,South Africa,18-24,Couple,2024-10-17
665,Female,Italy,35-44,Couple,2022-02-26
666,Male,United Kingdom,25-34,Family,2021-09-08
667,Male,United Kingdom,55+,Solo,2024-04-20
668,Other,Italy,25-34,Solo,2024-04-05
669,Male,China,18-24,Family,2023-05-21
670,Other,Spain,25-34,Family,2020-09-28
671,Male,United States,25-34,Couple,2023-04-09
672,Female,Germany,45-54,Family,2023-08-15
673,Male,United Kingdom,55+,Business,2025-02-18
674,Female,Turkey,35-44,Business,2022-11-26
675,Other,Brazil,25-34,Couple,2021-10-24
676,Male,United Arab Emirates,45-54,Couple,2023-03-03
677,Male,Spain,55+,Couple,2100-01-01
678,Female,Japan,35-44,Business,2021-04-06
679,Female,Australia,35-44,Family,2021-10-19
680,Female,Thailand,35-44,Couple,2020-08-14
681,Female,Netherlands,25-34,Couple,2023-06-29
682,Female,United States,45-54,Business,2021-11-04
683,Female,Turkey,35-44,Solo,2022-11-19
684,Female,South Korea,25-34,Solo,2023-11-08
685,Female,South Korea,45-54,Solo,2022-07-30
686,Male,United Kingdom,35-44,Solo,2024-04-05
687,Female,Brazil,55+,Couple,2024-07-03
688,Female,South Africa,45-54,Couple,2022-09-27
689,Female,United States,18-24,Solo,2022-06-26
690,Male,United States,25-34,Family,2024-10-01
691,Male,Russia,25-34,Couple,2021-12-31
692,Male,China,25-34,Couple,2022-04-08
693,Male,Japan,45-54,Family,2022-10-08
694,Male,Brazil,25-34,Couple,2021-11-11
695,Other,United States,45-54,Couple,2023-02-26
696,Female,Germany,55+,Business,2021-11-03
697,Other,United States,25-34,Business,2024-11-23
698,Male,United States,35-44,,2020-09-06
699,Female,Japan,18-24,,2023-06-20
700,Male,China,25-34,Solo,
701,Male,United States,35-44,Family,2021-12-09
702,Male,Germany,18-24,Couple,2024-06-03
703,Female,United Kingdom,25-34,Couple,2020-11-29
704,Female,Netherlands,25-34,Couple,2023-08-09
705,Female,Turkey,25-34,Couple,2025-04-14
706,Female,Germany,45-54,Business,2021-03-30
707,Male,,25-34,Family,2021-12-29
708,Female,Netherlands,35-44,Couple,2021-07-30
709,Male,Singapore,25-34,Solo,2025-02-26
710,Other,United Kingdom,18-24,Couple,2023-02-02
711,Female,Canada,25-34,Solo,2022-09-07
712,Other,,35-44,Couple,2023-10-14
713,Female,Germany,45-54,Solo,2022-06-21
714,Male,United Kingdom,45-54,Business,2021-05-17
715,Male,India,25-34,Family,
716,Male,Thailand,35-44,Couple,2022-02-07
717,Male,Australia,35-44,Couple,2024-06-24
718,Male,New Zealand,55+,Couple,2024-02-05
719,Female,China,25-34,Family,2021-04-24
720,Male,Australia,25-34,Couple,2024-10-11
721,Male,France,55+,Family,2024-01-27
722,Female,South Korea,35-44,Family,2022-05-25
723,Male,United States,18-24,Business,2024-09-01
724,Male,United States,35-44,,2022-04-09
725,Male,Russia,25-34,Family,2023-07-13
726,Male,,25-34,Couple,
727,Male,Canada,35-44,Solo,2024-03-05
728,Male,United Arab Emirates,35-44,Couple,2022-06-22
729,Male,Egypt,55+,Couple,2022-11-16
730,Female,United States,25-34,Couple,2023-07-28
731,Female,Netherlands,35-44,Solo,2024-04-14
732,Female,France,35-44,Business,2100-01-01
733,Female,Japan,35-44,Family,2021-07-05
734,Male,Japan,35-44,Couple,2021-11-20
735,Female,South Korea,45-54,Couple,2022-05-31
736,Female,United Kingdom,45-54,Solo,2024-02-10
737,Male,Canada,35-44,Business,2024-03-14
738,Male,Spain,55+,Couple,2022-12-11
739,Male,France,55+,Family,2025-01-23
740,Male,INVALID_LABEL,35-44,Family,2024-08-20
741,Male,United States,45-54,Couple,2020-09-04
742,Female,Egypt,25-34,Family,2024-07-19
743,Male,Italy,25-34,Couple,2024-02-25
744,Female,Russia,25-34,Couple,2023-04-19
745,Female,Egypt,25-34,Couple,2021-05-09
746,Other,India,25-34,Couple,2024-09-06
747,Female,United States,45-54,Family,2023-02-04
748,Male,China,35-44,Business,2021-12-28
749,Female,China,18-24,Business,2023-11-01
750,Other,Brazil,25-34,Family,2023-04-06
751,Male,Singapore,35-44,Solo,2025-04-08
752,Male,United States,55+,Couple,2021-12-08
753,Male,Argentina,35-44,Solo,2023-10-11
754,Other,United States,18-24,Couple,2025-04-15
755,Male,United States,25-34,Business,2025-01-18
756,Female,France,35-44,Couple,2021-03-02
757,Female,Canada,25-34,Business,2022-09-08
758,Female,United Arab Emirates,35-44,Couple,2024-12-26
759,Female,United States,35-44,Solo,2023-01-11
760,Male,Spain,25-34,Solo,2020-10-28
761,Female,Argentina,18-24,Solo,2024-01-28
762,Male,Italy,45-54,Solo,2021-08-12
763,Male,Spain,25-34,Solo,2024-01-06
764,Male,Mexico,35-44,Solo,2025-04-02
765,Female,United States,45-54,Couple,2021-01-11
766,Other,United States,25-34,Couple,1900-01-01
767,Male,United Arab Emirates,45-54,Couple,2022-01-20
768,Male,United Kingdom,45-54,Couple,2024-05-23
769,Female,South Korea,45-54,Business,2023-01-03
770,Female,Netherlands,25-34,Family,2020-10-18
771,Other,Japan,35-44,Business,2024-06-24
772,Male,Russia,35-44,Couple,2022-03-01
773,Male,South Africa,35-44,Solo,2025-04-16
774,Male,Spain,35-44,Solo,2025-01-18
775,Female,United States,25-34,Solo,2021-10-26
776,Male,Argentina,25-34,Couple,2024-01-09
777,Male,Argentina,55+,Business,2020-10-16
778,Male,United Kingdom,18-24,Couple,2024-08-01
779,Other,New Zealand,25-34,Family,2024-11-04
780,Male,United States,25-34,Business,2025-03-29
781,Male,Brazil,45-54,Solo,2023-02-27
782,Male,,35-44,Couple,2021-09-02
783,Female,United Kingdom,35-44,Couple,2024-04-03
784,Female,,18-24,Family,2025-01-18
785,Other,United States,25-34,Family,2022-06-14
786,Female,Germany,45-54,Solo,2024-02-08
787,Female,France,25-34,Family,2023-10-02
788,Female,United States,45-54,Business,2023-04-20
789,Male,France,25-34,Family,2024-01-14
790,Female,United States,25-34,Couple,2021-11-02
791,Other,Canada,25-34,Business,
792,Male,United Kingdom,45-54,Family,
793,Male,Germany,45-54,Solo,2023-08-31
794,Male,India,18-24,Couple,2023-12-10
795,Male,Japan,35-44,Couple,2025-04-22
796,Male,Japan,55+,Couple,2022-07-01
797,Male,China,35-44,Couple,2020-09-04
798,Other,Brazil,18-24,,2024-07-05
799,Male,China,18-24,Solo,2024-08-20
800,Male,United States,25-34,Solo,2024-09-19
801,Other,United Arab Emirates,45-54,Couple,2021-08-30
802,Female,Brazil,25-34,Family,2020-09-24
803,Female,INVALID_LABEL,35-44,Solo,2024-06-02
804,Female,Netherlands,55+,Family,2022-08-27
805,Male,Canada,35-44,Family,2022-08-23
806,Female,Canada,35-44,Solo,2025-07-08
807,Male,Russia,35-44,Business,2024-09-08
808,Female,Australia,25-34,Couple,2024-05-10
809,Male,India,18-24,Family,2100-01-01
810,Male,Germany,25-34,Business,2025-06-30
811,Male,United Kingdom,18-24,Business,2022-11-06
812,Other,Japan,25-34,Solo,2022-05-20
813,Male,Australia,55+,Couple,2022-02-03
814,Female,United States,35-44,Couple,
815,Male,China,45-54,Family,2023-06-23
816,Female,,18-24,Business,2022-08-13
817,Female,Germany,55+,Family,2025-06-02
818,Male,Japan,45-54,Couple,2024-02-02
819,Male,Spain,45-54,Couple,2020-09-06
820,Female,France,55+,Couple,2025-01-14
821,Female,China,45-54,Family,2022-07-05
822,Male,INVALID_LABEL,25-34,Family,2022-07-21
823,Male,India,35-44,Couple,2021-10-25
824,Other,Japan,25-34,Family,2021-06-05
825,Male,Brazil,35-44,Solo,2024-02-17
826,Female,Turkey,55+,Couple,2020-12-31
827,Male,France,35-44,Solo,2022-07-27
828,Male,Turkey,25-34,,2024-04-11
829,Other,New Zealand,25-34,Family,2025-07-08
830,Male,China,25-34,Business,2021-12-05
831,Female,United Kingdom,25-34,Couple,2024-01-26
832,Male,Germany,25-34,Couple,
833,Female,Germany,18-24,Business,2023-03-10
834,Female,China,25-34,Solo,2022-04-01
835,Female,United States,25-34,Family,2022-02-12
836,Male,United States,45-54,Business,2023-01-27
837,Male,,35-44,Couple,2022-08-19
838,Female,Nigeria,35-44,Solo,2025-01-15
839,Female,Russia,45-54,Couple,2024-03-20
840,Female,France,18-24,Solo,2020-11-25
841,Other,,25-34,Business,2023-11-04
842,Female,France,25-34,Couple,2021-10-06
843,Male,United States,25-34,Couple,
844,Male,China,25-34,Family,2023-10-20
845,Female,Germany,45-54,Business,2023-02-21
846,Female,France,45-54,Business,2025-04-01
847,Female,Turkey,18-24,Couple,2023-10-16
848,Female,United States,25-34,Couple,2022-12-14
849,Female,United States,25-34,Couple,2100-01-01
850,Female,France,35-44,Solo,2022-11-05
851,Male,United Kingdom,35-44,Business,2024-01-11
852,Male,United States,35-44,Family,2023-05-27
853,Male,,45-54,Family,2022-04-09
854,Female,South Africa,45-54,Couple,2024-06-18
855,Female,United Kingdom,25-34,Solo,2021-04-08
856,Female,Russia,45-54,Family,2023-03-01
857,Male,United States,25-34,Business,2024-02-04
858,Female,Spain,25-34,Solo,2022-07-04
859,Male,South Korea,35-44,Business,2023-04-16
860,Male,United Kingdom,25-34,Business,2023-03-09
861,Male,Brazil,25-34,Couple,2021-12-21
862,Male,Thailand,55+,Couple,2022-11-18
863,Male,China,35-44,Couple,2023-06-24
864,Female,Canada,25-34,Couple,
865,Male,Thailand,45-54,Solo,2025-04-30
866,Other,Thailand,18-24,Family,
867,Male,Canada,25-34,Solo,2022-03-29
868,Male,South Africa,55+,Family,2021-05-15
869,Male,Germany,25-34,Couple,2023-01-21
870,Male,France,18-24,Couple,2023-09-10
871,Male,New Zealand,25-34,Couple,2022-07-07
872,Male,Japan,25-34,Couple,2022-11-15
873,Female,Turkey,45-54,Family,2022-06-15
874,Other,United Arab Emirates,25-34,,2100-01-01
875,Male,France,18-24,Business,2022-07-20
876,Male,Nigeria,18-24,Family,2021-02-20
877,Male,United States,35-44,Family,2024-01-22
878,Other,Canada,18-24,Couple,2022-11-29
879,Female,Russia,35-44,Solo,2021-05-11
880,Male,Canada,45-54,Couple,2024-10-14
881,Female,United Kingdom,18-24,Family,2023-01-17
882,Male,New Zealand,45-54,Solo,
883,Female,Canada,35-44,Couple,2023-10-17
884,Female,Brazil,18-24,Family,2025-03-19
885,Female,United States,25-34,,2024-01-15
886,Other,United States,18-24,Couple,
887,Female,United Kingdom,45-54,Business,2022-02-20
888,Other,Italy,25-34,Family,2024-03-01
889,Female,Italy,55+,Family,2022-09-06
890,Male,France,25-34,Couple,2023-09-13
891,Male,Italy,45-54,Solo,2023-01-14
892,Female,Germany,55+,Business,2024-10-29
893,Other,Australia,18-24,Couple,2021-07-08
894,Male,Canada,35-44,Couple,2022-06-08
895,Female,United States,25-34,Business,2021-08-15
896,Female,Germany,45-54,Business,2021-10-11
897,Male,Canada,45-54,INVALID_LABEL,2025-05-01
898,Female,Germany,35-44,Couple,2020-08-29
899,Male,China,25-34,Business,2021-03-24
900,Male,Japan,35-44,Family,2021-08-05
901,Female,United Kingdom,25-34,Couple,2024-12-12
902,Male,China,25-34,Family,2022-09-09
903,Male,United Kingdom,35-44,Couple,
904,Male,United States,45-54,Couple,2024-05-08
905,Male,Nigeria,25-34,Business,2024-07-14
906,Other,Brazil,35-44,Business,2022-07-25
907,Female,Mexico,45-54,Couple,2024-03-04
908,Male,United Arab Emirates,18-24,Business,2023-11-17
909,Male,France,45-54,Couple,2023-10-29
910,Female,Japan,35-44,Solo,2023-10-06
911,Male,United Kingdom,25-34,Solo,2021-01-22
912,Female,Argentina,45-54,Business,2023-09-25
913,Male,Turkey,45-54,Couple,2022-05-12
914,Male,New Zealand,25-34,Family,2021-05-01
915,Female,United Arab Emirates,25-34,Family,2022-10-14
916,Male,United Kingdom,55+,Couple,2022-01-31
917,Other,Germany,35-44,Family,2024-12-01
918,Male,Italy,35-44,Couple,2022-09-22
919,Female,South Korea,35-44,Couple,1900-01-01
920,Female,Spain,25-34,Family,2024-04-28
921,Female,France,25-34,Couple,2023-12-09
922,Female,Canada,25-34,,2020-11-05
923,Male,South Korea,25-34,Couple,2023-11-03
924,Female,South Africa,25-34,Couple,2023-09-26
925,Female,Australia,35-44,,2022-02-06
926,Male,Nigeria,25-34,Couple,2021-09-23
927,Male,Brazil,35-44,Solo,2023-10-27
928,Male,Germany,25-34,Family,2023-10-25
929,Female,China,45-54,Business,
930,Female,Nigeria,35-44,Family,2023-11-25
931,Male,Netherlands,25-34,Solo,2024-06-05
932,Female,India,18-24,Couple,2021-01-25
933,Male,United States,18-24,Solo,2023-12-08
934,Female,China,25-34,Business,2021-09-03
935,Male,Japan,35-44,Couple,2024-01-16
936,Male,Egypt,25-34,Couple,2021-05-29
937,Female,Singapore,25-34,Business,2024-09-14
938,Male,United States,25-34,Couple,2023-12-23
939,Female,United Arab Emirates,35-44,Couple,2100-01-01
940,Female,United Kingdom,25-34,Business,2024-06-19
941,Female,United Arab Emirates,35-44,Family,2024-12-12
942,Female,India,35-44,,2023-05-21
943,Male,United Kingdom,35-44,Family,2020-10-07
944,Female,Spain,45-54,,
945,Male,United States,25-34,Couple,2023-05-15
946,Male,United States,45-54,Couple,2024-02-23
947,Female,Spain,18-24,Family,2022-04-17
948,Female,Spain,25-34,Solo,2024-05-15
949,Male,United States,18-24,Family,
950,Male,Singapore,45-54,Solo,2020-11-30
951,Male,United States,55+,Business,2021-02-21
952,Male,Canada,55+,Solo,2022-06-30
953,Male,France,35-44,Family,2025-07-20
954,Male,Brazil,25-34,Couple,2024-12-26
955,Female,United States,35-44,Couple,2022-03-27
956,Male,Germany,25-34,Couple,2023-05-06
957,Female,Singapore,45-54,Couple,2024-05-18
958,Female,South Korea,18-24,Couple,2022-01-08
959,Male,Australia,25-34,Business,2024-11-03
960,Male,Russia,55+,Business,2022-08-14
961,Female,Germany,55+,,2023-12-02
962,Female,United States,45-54,Family,2023-09-14
963,Female,United Kingdom,55+,Solo,2023-03-23
964,Male,United States,35-44,Family,2021-12-25
965,Female,,35-44,Couple,2024-07-02
966,Female,United Kingdom,25-34,Family,2022-01-25
967,Female,,25-34,Couple,1900-01-01
968,Female,Germany,35-44,Solo,2023-10-18
969,Male,United States,25-34,Solo,2022-11-25
970,Male,,35-44,Business,2024-04-16
971,Female,United States,18-24,Business,2025-06-25
972,Female,Germany,35-44,Couple,2022-11-07
973,Male,United Kingdom,45-54,Business,2024-10-12
974,Female,United States,35-44,Family,
975,Other,United States,25-34,Couple,2100-01-01
976,Female,United Kingdom,35-44,Solo,2025-06-08
977,Female,United Kingdom,18-24,,2022-06-09
978,Male,China,25-34,Solo,2021-01-24
979,Male,Japan,35-44,Family,2020-12-06
980,Male,United States,55+,,1900-01-01
981,Female,Canada,25-34,Couple,2023-10-10
982,Other,Egypt,25-34,Business,2023-05-19
983,Female,Netherlands,45-54,Business,2023-04-06
984,Female,Russia,25-34,Family,2023-04-09
985,Female,United Arab Emirates,35-44,Couple,2020-11-15
986,Female,United States,35-44,Couple,2022-06-05
987,Other,Germany,25-34,Solo,2024-08-07
988,Other,,35-44,Business,2020-12-27
989,Female,France,18-24,Solo,2021-06-02
990,Female,Germany,45-54,Solo,2022-05-06
991,Male,,25-34,Business,2022-09-13
992,Male,United States,18-24,Family,2023-10-10
993,Male,United States,25-34,Couple,2024-05-17
994,Male,United States,25-34,Family,
995,Male,Brazil,55+,Family,2025-01-15
996,Other,United Kingdom,18-24,Solo,2021-12-12
997,Female,Japan,35-44,Solo,2021-04-14
998,Other,United Kingdom,55+,Business,
999,Female,United Kingdom,55+,Couple,2022-04-11
1000,Male,United Kingdom,25-34,Couple,2024-09-12
1001,Male,France,35-44,Solo,2024-11-02
1002,Female,Australia,25-34,Couple,2023-04-15
1003,Female,Germany,25-34,Couple,2021-01-28
1004,Male,South Korea,18-24,Business,2023-11-26
1005,Male,,25-34,Family,2025-05-23
1006,Female,New Zealand,55+,Family,2024-05-03
1007,Female,France,18-24,Business,2021-12-25
1008,Male,South Africa,25-34,Business,2023-05-16
1009,Male,Canada,35-44,Solo,2024-06-20
1010,Other,Spain,18-24,Couple,2023-11-21
1011,Male,United Kingdom,25-34,Solo,2024-01-25
1012,Other,United States,55+,Business,2020-08-10
1013,Other,France,35-44,Couple,2022-06-25
1014,Male,Brazil,35-44,Couple,2022-05-04
1015,Male,New Zealand,25-34,Couple,2021-08-16
1016,Female,United Kingdom,35-44,Couple,2023-04-06
1017,Female,United Arab Emirates,45-54,Family,2025-07-10
1018,Female,China,35-44,Family,2024-12-31
1019,Male,Turkey,25-34,Business,2025-02-14
1020,Female,Netherlands,25-34,Solo,2025-06-29
1021,Male,United Arab Emirates,45-54,Couple,2020-09-09
1022,Male,United States,35-44,,2023-08-29
1023,Female,Spain,45-54,Business,2022-11-08
1024,Female,China,25-34,Business,2020-12-17
1025,Male,United States,25-34,Solo,2024-08-21
1026,Female,Netherlands,35-44,Couple,2023-08-08
1027,Male,Australia,35-44,Couple,2024-11-12
1028,Female,Italy,55+,,2021-12-19
1029,Other,India,25-34,,2021-11-06
1030,Male,United Kingdom,35-44,Couple,2021-11-02
1031,Female,Japan,35-44,,2022-11-09
1032,Other,,25-34,Family,2025-06-13
1033,Female,Brazil,25-34,Couple,2023-02-08
1034,Other,China,45-54,Solo,2021-01-27
1035,Female,United States,35-44,Family,2024-02-20
1036,Female,Russia,45-54,Family,2024-05-06
1037,Female,Canada,35-44,Couple,2024-04-17
1038,Male,INVALID_LABEL,55+,,2022-10-23
1039,Male,United States,45-54,Family,2020-11-28
1040,Male,South Africa,45-54,Couple,2023-10-17
1041,Female,China,18-24,Family,2025-05-19
1042,Male,Argentina,18-24,Solo,2023-03-22
1043,Female,Brazil,35-44,Couple,2024-03-03
1044,Other,United States,45-54,Couple,2021-08-06
1045,Male,Japan,35-44,Business,2024-07-13
1046,Other,United States,18-24,Solo,2021-08-07
1047,Female,Brazil,25-34,Couple,
1048,Male,India,25-34,Business,2021-01-04
1049,Male,United Kingdom,25-34,Solo,2025-01-22
1050,Female,United States,45-54,Family,
1051,Female,United Kingdom,35-44,Solo,2023-01-07
1052,Male,United Kingdom,35-44,Solo,
1053,Male,Canada,35-44,Business,2020-12-02
1054,Female,Germany,18-24,Family,2021-02-03
1055,Female,Germany,45-54,Family,2022-12-22
1056,Male,Italy,25-34,Solo,2025-04-19
1057,Female,United States,55+,Couple,2025-04-04
1058,Female,South Korea,25-34,Family,2024-10-27
1059,Male,Thailand,35-44,Couple,2022-06-19
1060,Other,United Kingdom,45-54,Family,2024-04-02
1061,Female,Japan,35-44,Solo,2022-02-06
1062,Female,India,35-44,Solo,2021-03-29
1063,Other,United Kingdom,45-54,Solo,2025-07-24
1064,Female,Argentina,35-44,Family,2020-09-14
1065,Female,United States,25-34,Family,2023-10-14
1066,Female,United Kingdom,18-24,Couple,2022-05-30
1067,Male,Canada,25-34,,2022-08-19
1068,Male,United Arab Emirates,35-44,Family,2020-10-30
1069,Female,Brazil,35-44,Couple,2024-01-27
1070,Female,Russia,25-34,Business,2023-07-12
1071,Female,France,55+,Couple,2022-12-03
1072,Female,Canada,35-44,Solo,2023-10-09
1073,Male,Canada,35-44,Business,2024-11-28
1074,Male,Japan,18-24,Family,2021-12-12
1075,Male,Germany,35-44,Solo,2021-03-21
1076,Female,Mexico,55+,Couple,2021-06-01
1077,Male,United States,35-44,Couple,2100-01-01
1078,Male,United Arab Emirates,35-44,Couple,2021-08-02
1079,Male,Brazil,45-54,Couple,2022-07-20
1080,Male,Italy,25-34,Business,2025-02-09
1081,Female,Germany,45-54,Solo,2020-09-06
1082,Male,France,55+,Business,2025-07-08
1083,Male,United States,35-44,Couple,2021-04-30
1084,Female,Canada,45-54,Solo,2024-08-11
1085,Female,France,35-44,Couple,2025-06-05
1086,Female,United States,25-34,Couple,2023-01-17
1087,Female,United States,55+,Business,2024-08-31
1088,Other,Australia,35-44,Business,2024-05-11
1089,Other,Russia,25-34,Solo,2023-03-24
1090,Other,Spain,35-44,Business,2024-07-04
1091,Female,India,25-34,Business,2024-05-07
1092,Female,Mexico,25-34,Business,2021-02-25
1093,Male,Spain,35-44,Couple,
1094,Other,United States,25-34,Couple,2024-12-17
1095,Female,Argentina,25-34,Solo,2023-10-14
1096,Female,Spain,45-54,Family,2020-12-11
1097,Female,Japan,25-34,Couple,2023-08-27
1098,Female,Canada,35-44,Family,2024-01-26
1099,Male,Germany,45-54,Solo,2021-10-05
1100,Male,Germany,45-54,Couple,2021-06-09
1101,Female,Argentina,25-34,Couple,2025-06-04
1102,Male,China,25-34,Family,2021-03-28
1103,Male,United States,25-34,Solo,2025-08-05
1104,Female,,35-44,Couple,2025-02-15
1105,Female,Germany,25-34,Family,1900-01-01
1106,Female,Spain,25-34,Couple,2023-04-07
1107,Female,France,35-44,Family,2023-03-01
1108,Female,Argentina,25-34,Family,2024-03-21
1109,Female,South Africa,18-24,Couple,
1110,Female,Thailand,25-34,Couple,2020-08-15
1111,Male,United Kingdom,25-34,Couple,2024-12-24
1112,Male,Japan,18-24,Business,2022-12-19
1113,Male,United Kingdom,35-44,Family,2022-08-09
1114,Male,Germany,25-34,Family,2021-08-26
1115,Male,Thailand,35-44,Family,2025-01-25
1116,Male,France,35-44,Couple,2021-06-30
1117,Female,,45-54,Couple,2024-01-12
1118,Female,United States,25-34,Couple,2023-06-18
1119,Male,Nigeria,35-44,,2024-03-12
1120,Male,Argentina,35-44,Couple,2024-12-30
1121,Female,New Zealand,55+,Solo,2020-08-23
1122,Female,United Kingdom,35-44,Solo,2024-08-23
1123,Female,Brazil,45-54,Family,2023-07-03
1124,Male,Germany,25-34,Couple,2025-02-07
1125,Female,South Korea,35-44,Solo,
1126,Female,France,35-44,Family,2023-10-07
1127,Female,INVALID_LABEL,25-34,Business,2021-03-07
1128,Male,Germany,18-24,Couple,2023-02-21
1129,Female,Spain,18-24,Family,
1130,Male,Egypt,18-24,Solo,2023-10-10
1131,Male,Spain,18-24,Solo,2023-12-22
1132,Other,United Kingdom,25-34,Couple,2023-03-25
1133,Female,Netherlands,35-44,,2021-10-11
1134,Female,Italy,18-24,,2022-02-28
1135,Male,Canada,45-54,Couple,2020-12-04
1136,Female,Brazil,35-44,Couple,2023-04-20
1137,Male,,25-34,Business,2025-06-04
1138,Female,Canada,25-34,Solo,2022-05-04
1139,Male,China,45-54,Family,2023-04-19
1140,Male,Canada,25-34,Family,2022-07-26
1141,Male,Canada,35-44,Couple,
1142,Male,Germany,35-44,Family,2021-09-06
1143,Male,Australia,18-24,Family,
1144,Female,United States,25-34,Family,2024-10-29
1145,Female,United States,45-54,Solo,2023-10-15
1146,Other,United Kingdom,35-44,Business,2021-10-06
1147,Male,New Zealand,18-24,Solo,2020-09-05
1148,Female,Spain,18-24,Family,2022-09-26
1149,Other,Canada,35-44,Business,2022-10-28
1150,Female,Germany,25-34,Couple,2024-01-16
1151,Male,United Kingdom,45-54,Solo,2022-06-03
1152,Female,France,45-54,Business,2023-12-20
1153,Other,Spain,25-34,Couple,2023-05-18
1154,Male,,25-34,Solo,2022-06-19
1155,Male,United States,35-44,Solo,2023-09-21
1156,Female,Germany,25-34,Solo,2022-08-24
1157,Male,Germany,45-54,Family,2025-06-12
1158,Male,Thailand,25-34,,2100-01-01
1159,Female,INVALID_LABEL,35-44,Family,2022-11-27
1160,Female,Japan,35-44,Couple,2024-07-01
1161,Female,United States,25-34,Couple,2024-06-07
1162,Female,United States,25-34,Couple,2021-08-23
1163,Male,South Korea,45-54,Couple,2020-12-09
1164,Female,Germany,55+,,2024-03-20
1165,Female,Germany,35-44,,2023-08-13
1166,Male,United States,18-24,Family,
1167,Female,Brazil,35-44,Business,2022-12-07
1168,Female,Brazil,45-54,Business,2021-11-12
1169,Female,Japan,55+,Business,
1170,Male,Nigeria,25-34,Couple,2022-04-11
1171,Male,Germany,35-44,Couple,2025-07-18
1172,Other,Australia,25-34,Couple,2022-07-07
1173,Female,United Kingdom,55+,Business,2023-07-10
1174,Male,United States,55+,Couple,2025-01-17
1175,Female,United Arab Emirates,18-24,Solo,
1176,Male,Japan,35-44,Family,2024-06-07
1177,Female,Brazil,25-34,Solo,2024-05-02
1178,Female,France,35-44,Couple,
1179,Female,India,55+,Family,2023-12-11
1180,Male,France,35-44,Family,2024-04-13
1181,Male,United States,35-44,Couple,
1182,Male,Australia,25-34,Solo,2024-03-28
1183,Male,South Africa,25-34,Couple,2021-07-27
1184,Female,United Kingdom,55+,Solo,2023-05-24
1185,Female,France,45-54,Couple,2024-02-10
1186,Male,,35-44,Family,2023-02-07
1187,Male,Mexico,18-24,Business,2025-07-21
1188,Other,Brazil,35-44,Couple,2024-05-17
1189,Male,India,35-44,Solo,2025-01-26
1190,Male,Turkey,55+,Business,2024-06-11
1191,Female,Canada,55+,Couple,2020-12-01
1192,Female,,18-24,Business,2021-11-12
1193,Female,Australia,55+,Family,
1194,Male,Netherlands,55+,Couple,2023-04-01
1195,Male,Canada,18-24,,2024-03-16
1196,Female,France,35-44,Couple,2024-01-07
1197,Male,Spain,25-34,Family,2021-01-21
1198,Female,United States,25-34,Solo,2024-12-09
1199,Male,India,25-34,Family,2021-11-26
1200,Male,France,35-44,Family,2024-04-10
1201,Male,Russia,45-54,Solo,2021-11-24
1202,Male,South Korea,55+,Couple,2024-07-02
1203,Male,Canada,35-44,Business,2025-06-25
1204,Female,France,18-24,Couple,2023-06-28
1205,Male,Canada,25-34,Family,
1206,Female,Canada,35-44,Family,2023-07-25
1207,Female,France,55+,Business,2023-03-22
1208,Male,New Zealand,35-44,Solo,2022-09-17
1209,Female,South Africa,55+,INVALID_LABEL,2021-04-23
1210,Male,Mexico,55+,Family,
1211,Other,Turkey,25-34,Family,2025-02-25
1212,Male,United Kingdom,25-34,,2022-02-25
1213,Male,China,25-34,Solo,2021-05-10
1214,Male,United States,35-44,Couple,2021-09-06
1215,Male,United States,35-44,Business,2023-08-21
1216,Female,United Kingdom,25-34,Family,2024-02-18
1217,Female,United States,45-54,,2022-04-06
1218,Female,United Kingdom,45-54,Couple,2024-08-10
1219,Male,Spain,55+,Solo,2024-03-31
1220,Other,Egypt,25-34,Family,2020-08-12
1221,Male,New Zealand,25-34,Couple,2024-06-21
1222,Male,India,25-34,Family,2021-11-06
1223,Male,China,35-44,,2100-01-01
1224,Male,United States,35-44,Family,2021-04-21
1225,Male,United States,35-44,Couple,2022-05-11
1226,Female,United States,25-34,Solo,2023-06-23
1227,Female,Australia,25-34,Family,2025-01-02
1228,Male,United States,25-34,Solo,2024-08-22
1229,Male,Russia,25-34,Couple,2021-11-07
1230,Female,Germany,25-34,Couple,2023-08-25
1231,Female,Germany,35-44,Couple,2024-01-18
1232,Female,Spain,35-44,Family,
1233,Male,Russia,55+,Business,2024-07-26
1234,Male,Brazil,45-54,Family,2021-11-02
1235,Female,Japan,35-44,Couple,2023-11-01
1236,Other,United States,45-54,Couple,2025-06-05
1237,Female,China,35-44,Family,2021-05-02
1238,Male,India,25-34,Family,2021-09-20
1239,Male,Italy,18-24,,2025-04-19
1240,Female,Japan,55+,Couple,2022-01-21
1241,Female,Brazil,25-34,Family,2022-06-26
1242,Female,Germany,35-44,Family,2021-02-03
1243,Male,Russia,25-34,Couple,2021-01-29
1244,Female,South Africa,35-44,Business,2100-01-01
1245,Female,United States,25-34,Couple,2023-12-02
1246,Male,United Kingdom,25-34,Business,2024-11-23
1247,Male,Italy,25-34,Couple,2020-11-28
1248,Male,France,25-34,Business,2022-04-25
1249,Male,Germany,35-44,Solo,2025-06-29
1250,Female,France,25-34,Couple,2022-12-16
1251,Male,United Kingdom,25-34,Solo,2025-04-12
1252,Other,Brazil,25-34,Family,2024-06-06
1253,Male,United States,25-34,Solo,
1254,Female,Canada,18-24,Family,2021-09-05
1255,Male,Brazil,35-44,Family,2024-09-30
1256,Male,United States,25-34,Solo,2024-05-24
1257,Other,Germany,55+,,2021-02-22
1258,Male,Japan,45-54,Couple,2021-06-29
1259,Other,Thailand,25-34,Couple,2022-06-05
1260,Female,,45-54,Couple,2023-08-27
1261,Female,,35-44,Business,2023-02-23
1262,Female,Japan,35-44,Solo,2021-08-07
1263,Female,Italy,35-44,Business,2022-12-24
1264,Female,South Korea,35-44,Couple,2025-05-10
1265,Female,United Kingdom,35-44,Couple,2100-01-01
1266,Female,United States,25-34,Business,
1267,Male,INVALID_LABEL,35-44,Solo,2100-01-01
1268,Female,Brazil,35-44,Couple,2022-03-16
1269,Male,United Kingdom,45-54,Solo,2023-11-28
1270,Female,United Kingdom,45-54,Solo,2021-05-01
1271,Female,South Korea,45-54,Couple,2024-05-25
1272,Male,United Kingdom,45-54,Family,2022-04-22
1273,Male,Australia,25-34,Couple,2021-02-13
1274,Female,Australia,18-24,Couple,2023-05-11
1275,Female,Mexico,45-54,Business,2025-04-11
1276,Female,France,45-54,Business,2022-11-17
1277,Male,South Africa,25-34,Family,2025-05-20
1278,Male,Turkey,25-34,Couple,2023-09-12
1279,Male,United Kingdom,25-34,Business,2021-02-08
1280,Female,Germany,35-44,Family,2021-12-20
1281,Male,South Korea,45-54,Family,2025-01-02
1282,Female,Australia,55+,Solo,2023-01-16
1283,Male,South Korea,25-34,Business,2024-01-26
1284,Male,Canada,55+,,2021-10-09
1285,Female,France,35-44,Business,2020-10-02
1286,Male,Mexico,35-44,Family,2021-08-02
1287,Male,Spain,18-24,Solo,2022-12-24
1288,Female,China,35-44,Family,2024-08-15
1289,Male,China,25-34,Business,2022-10-24
1290,Other,United States,35-44,Family,2100-01-01
1291,Female,Italy,35-44,Solo,2020-11-09
1292,Other,United States,25-34,Business,2021-12-13
1293,Male,South Africa,25-34,Couple,2021-03-04
1294,Other,Canada,55+,Solo,2023-10-13
1295,Female,Argentina,25-34,Business,2025-07-20
1296,Female,Japan,25-34,Family,
1297,Male,United States,25-34,Solo,2024-01-19
1298,Female,Brazil,25-34,Couple,2025-03-05
1299,Male,Japan,25-34,Family,2023-12-05
1300,Female,Japan,45-54,Couple,2021-10-11
1301,Male,United Kingdom,25-34,Couple,2020-08-16
1302,Male,Russia,55+,Solo,2024-09-15
1303,Male,United Kingdom,35-44,Solo,2020-10-02
1304,Female,Canada,35-44,INVALID_LABEL,2025-02-23
1305,Male,Brazil,25-34,Couple,2021-10-15
1306,Female,Brazil,45-54,Family,2022-12-22
1307,Female,China,25-34,Couple,2023-06-08
1308,Male,United Kingdom,25-34,Solo,2023-08-17
1309,Female,Canada,25-34,Couple,2024-07-23
1310,Female,Italy,25-34,,2025-01-06
1311,Other,,35-44,Solo,2023-09-30
1312,Male,Brazil,35-44,Couple,2021-07-21
1313,Female,China,25-34,Business,2022-10-09
1314,Female,China,35-44,Business,2024-02-05
1315,Male,Japan,18-24,Couple,2021-09-21
1316,Female,United Kingdom,35-44,Couple,2021-01-01
1317,Female,China,45-54,Family,2022-12-08
1318,Female,China,25-34,Couple,2024-07-02
1319,Male,New Zealand,25-34,Business,2020-11-18
1320,Other,,55+,Family,2022-04-20
1321,Female,Turkey,45-54,Solo,2024-02-10
1322,Female,United Kingdom,55+,Solo,2023-11-14
1323,Female,Italy,35-44,Solo,2024-09-19
1324,Other,South Africa,25-34,Business,2023-02-01
1325,Male,China,25-34,Business,2023-03-13
1326,Male,Italy,35-44,Solo,2022-12-06
1327,Male,South Africa,45-54,Business,2025-02-14
1328,Male,France,25-34,Couple,2022-09-09
1329,Female,China,35-44,Family,2023-07-12
1330,Other,China,18-24,Solo,2023-05-21
1331,Female,Argentina,25-34,Family,2022-09-19
1332,Female,Canada,35-44,Solo,2022-07-19
1333,Male,Mexico,55+,Business,2100-01-01
1334,Female,Brazil,35-44,Couple,2023-01-15
1335,Male,China,18-24,Business,2024-02-15
1336,Female,United States,18-24,Business,2022-03-18
1337,Female,United Kingdom,25-34,Couple,2023-05-22
1338,Male,New Zealand,25-34,Family,2025-07-01
1339,Male,United Arab Emirates,35-44,Couple,2020-12-19
1340,Male,Spain,55+,Couple,2021-10-01
1341,Female,Netherlands,55+,Solo,2020-11-19
1342,Male,New Zealand,25-34,INVALID_LABEL,2025-01-11
1343,Male,France,25-34,Couple,2023-08-21
1344,Male,Thailand,25-34,Family,2022-12-08
1345,Female,Mexico,18-24,Family,2024-06-11
1346,Other,United States,35-44,Couple,2024-05-23
1347,Male,Germany,25-34,Business,2023-01-04
1348,Female,Italy,25-34,,2025-05-13
1349,Female,Brazil,35-44,Family,2020-09-14
1350,Male,United Kingdom,18-24,Business,2021-02-26
1351,Other,United States,55+,Family,2024-10-12
1352,Male,United States,45-54,Business,
1353,Female,France,25-34,Business,2023-11-22
1354,Female,United Kingdom,35-44,Business,
1355,Male,Japan,55+,Couple,2023-10-21
1356,Male,,35-44,Solo,2021-11-22
1357,Male,Germany,35-44,Couple,2022-10-27
1358,Female,United Kingdom,55+,Couple,2022-02-26
1359,Female,Turkey,45-54,Family,2021-10-10
1360,Female,Mexico,35-44,Solo,2021-03-08
1361,Male,Netherlands,35-44,Couple,2021-09-07
1362,Male,Germany,35-44,Couple,2022-03-04
1363,Female,India,25-34,Business,
1364,Male,China,35-44,Business,
1365,Female,South Korea,35-44,Solo,2022-05-10
1366,Male,South Korea,35-44,Couple,2023-02-20
1367,Male,China,25-34,Couple,2023-03-13
1368,Female,Germany,25-34,Solo,2024-04-08
1369,Other,India,55+,Business,2025-03-01
1370,Male,Australia,35-44,Family,2021-03-01
1371,Male,Germany,35-44,Family,2020-12-01
1372,Female,INVALID_LABEL,18-24,Business,2024-05-06
1373,Male,United States,55+,Business,2022-09-24
1374,Other,France,25-34,Couple,2022-05-11
1375,Male,Spain,35-44,Business,2023-04-26
1376,Male,United Kingdom,55+,Couple,2023-01-22
1377,Male,Thailand,45-54,Business,2023-06-18
1378,Male,Australia,18-24,Business,2023-12-24
1379,Female,France,25-34,Solo,2024-09-29
1380,Female,South Africa,25-34,Family,2024-05-30
1381,Male,United Kingdom,25-34,Family,2025-02-24
1382,Other,Spain,25-34,Couple,2022-04-03
1383,Female,South Africa,35-44,Business,2024-12-10
1384,Male,China,25-34,Solo,2020-10-09
1385,Female,United Kingdom,25-34,Business,2023-10-20
1386,Male,Canada,18-24,Couple,2023-08-10
1387,Male,,25-34,Solo,2023-03-22
1388,Female,Singapore,35-44,Solo,2022-06-18
1389,Male,South Africa,25-34,Couple,2023-05-11
1390,Male,Spain,35-44,Business,2021-03-03
1391,Female,United Arab Emirates,55+,Solo,2022-07-26
1392,Other,New Zealand,35-44,Solo,2023-02-01
1393,Male,South Korea,45-54,Business,2022-11-30
1394,Male,Brazil,25-34,Couple,2022-08-17
1395,Other,France,55+,Solo,2021-08-23
1396,Male,South Korea,25-34,Solo,2023-01-07
1397,Male,United Kingdom,55+,Couple,
1398,Male,Argentina,18-24,Family,2022-06-25
1399,Female,Germany,25-34,Couple,2025-02-24
1400,Male,France,35-44,Family,2021-12-06
1401,Male,United Kingdom,25-34,Solo,2023-05-11
1402,Female,China,35-44,Business,
1403,Female,,35-44,Business,2023-10-10
1404,Male,Japan,25-34,,2024-11-21
1405,Female,New Zealand,25-34,Family,2024-12-29
1406,Female,,35-44,Business,2022-12-31
1407,Other,Germany,55+,Couple,2022-02-22
1408,Male,France,45-54,Couple,2024-03-13
1409,Male,Mexico,25-34,Couple,2021-05-08
1410,Female,India,25-34,Family,2022-09-18
1411,Other,China,55+,Solo,2021-08-16
1412,Male,United Kingdom,35-44,Family,2021-01-11
1413,Female,Australia,35-44,Couple,2022-11-21
1414,Other,Germany,35-44,,2025-04-08
1415,Male,Nigeria,55+,,2020-10-05
1416,Male,Canada,35-44,Family,2023-11-02
1417,Male,United States,25-34,Family,2021-03-22
1418,Female,France,25-34,Family,2024-05-19
1419,Female,South Korea,35-44,Couple,2021-12-27
1420,Male,France,45-54,Couple,2024-06-21
1421,Male,Australia,25-34,Business,2021-12-18
1422,Female,United States,35-44,Couple,2020-11-04
1423,Female,United States,35-44,,2022-04-25
1424,Male,Mexico,55+,Couple,2025-05-17
1425,Male,United Kingdom,35-44,Business,2024-06-30
1426,Female,,18-24,Solo,2021-06-08
1427,Female,Brazil,25-34,Family,2023-10-12
1428,Male,Canada,25-34,Business,2024-02-10
1429,Male,Japan,18-24,Family,1900-01-01
1430,Female,United Kingdom,45-54,Family,2022-07-07
1431,Male,United Arab Emirates,25-34,Business,2020-10-16
1432,Female,Netherlands,25-34,Couple,
1433,Female,Brazil,35-44,Solo,2024-06-14
1434,Female,Japan,55+,Couple,2023-05-05
1435,Male,South Africa,35-44,Solo,2023-10-23
1436,Male,,55+,Family,2024-11-18
1437,Male,Italy,35-44,Couple,2022-06-29
1438,Female,United States,35-44,Business,2024-02-01
1439,Other,New Zealand,35-44,Couple,2021-04-19
1440,Male,India,25-34,Couple,2024-02-25
1441,Male,,25-34,Family,2023-03-11
1442,Male,United States,35-44,Business,2025-03-31
1443,Other,South Africa,45-54,,2024-06-14
1444,Male,United Kingdom,55+,Family,2021-05-25
1445,Male,United States,35-44,Business,1900-01-01
1446,Male,Japan,35-44,,2022-12-25
1447,Male,Egypt,35-44,Business,2025-04-29
1448,Male,Argentina,25-34,Family,2024-10-15
1449,Female,Brazil,55+,Family,2024-05-19
1450,Male,United States,25-34,Couple,2020-12-23
1451,Male,,25-34,Business,2024-03-16
1452,Male,China,35-44,Couple,2023-05-20
1453,Male,Spain,35-44,Business,2025-02-18
1454,Female,Australia,45-54,Solo,2021-12-23
1455,Female,China,55+,Couple,2022-10-30
1456,Female,China,55+,Couple,2020-12-21
1457,Male,Canada,25-34,Couple,2025-07-18
1458,Female,Germany,35-44,Couple,2023-06-13
1459,Male,Germany,55+,Business,2023-07-16
1460,Male,United States,45-54,Couple,2024-10-21
1461,Male,Spain,25-34,Family,2023-11-25
1462,Male,Canada,18-24,Solo,2021-07-24
1463,Male,Brazil,25-34,Couple,2021-10-27
1464,Female,United Kingdom,25-34,Couple,2025-06-12
1465,Male,South Korea,25-34,Business,2022-01-14
1466,Male,Canada,18-24,Couple,2024-07-16
1467,Male,India,45-54,Family,2020-10-14
1468,Female,,25-34,Couple,2024-05-08
1469,Male,Singapore,45-54,Business,2022-08-17
1470,Female,South Korea,45-54,Couple,2021-11-19
1471,Female,Germany,55+,Couple,2023-02-20
1472,Female,United States,25-34,Couple,2024-02-27
1473,Female,Thailand,25-34,Couple,2025-07-10
1474,Male,Germany,25-34,Family,2023-11-01
1475,Male,United Kingdom,35-44,Solo,2023-10-20
1476,Male,Canada,45-54,Business,1900-01-01
1477,Other,France,25-34,Couple,2020-09-20
1478,Female,Japan,45-54,,2021-03-21
1479,Female,Argentina,18-24,,2022-08-10
1480,Female,Argentina,35-44,Solo,2022-01-20
1481,Male,Japan,25-34,Solo,2023-02-28
1482,Male,United Kingdom,45-54,Business,2024-01-02
1483,Male,United Kingdom,25-34,Solo,2021-09-17
1484,Male,Australia,45-54,Family,1900-01-01
1485,Male,Russia,25-34,Couple,2022-03-20
1486,Other,United Kingdom,45-54,Family,2021-02-12
1487,Male,United States,35-44,Couple,2025-02-06
1488,Female,Russia,35-44,Solo,2024-03-26
1489,Male,United Kingdom,45-54,Family,2025-03-27
1490,Female,United States,25-34,Couple,2024-02-04
1491,Female,Japan,25-34,Business,2023-02-16
1492,Female,United Arab Emirates,25-34,Business,2024-07-21
1493,Male,Spain,35-44,Couple,2023-10-27
1494,Other,,45-54,Couple,2023-02-04
1495,Male,Brazil,25-34,Family,2020-10-27
1496,Female,United States,55+,Couple,2025-04-27
1497,Other,United Kingdom,25-34,Business,2025-01-31
1498,Male,,35-44,Family,2022-06-25
1499,Male,United States,55+,Solo,2021-10-11
1500,Female,Turkey,25-34,Family,2021-05-14
1501,Other,New Zealand,35-44,Couple,2023-02-27
1502,Female,Australia,35-44,Family,2020-08-23
1503,Male,,35-44,Couple,2022-03-15
1504,Male,Germany,25-34,Couple,2022-07-12
1505,Male,Spain,25-34,Solo,2025-05-10
1506,Other,Spain,55+,Couple,2023-12-28
1507,Male,France,25-34,Business,2025-03-16
1508,Male,Netherlands,25-34,Business,2023-09-19
1509,Male,United Kingdom,35-44,Business,2022-07-04
1510,Female,United States,35-44,Solo,2021-01-22
1511,Male,India,25-34,Couple,2022-10-02
1512,Male,Germany,25-34,Couple,2020-10-03
1513,Male,Brazil,25-34,Business,2024-03-04
1514,Other,Japan,45-54,Couple,2022-06-17
1515,Male,United Kingdom,25-34,Solo,2025-02-07
1516,Other,China,18-24,,
1517,Female,Turkey,25-34,Family,2023-08-01
1518,Female,South Korea,25-34,,2021-10-09
1519,Male,United Arab Emirates,35-44,Business,1900-01-01
1520,Female,United Arab Emirates,25-34,Couple,2023-08-18
1521,Female,United States,18-24,Solo,2025-05-31
1522,Male,China,18-24,Family,2021-07-30
1523,Female,Brazil,18-24,Solo,2023-05-06
1524,Male,Australia,25-34,Business,2024-05-06
1525,Female,Germany,35-44,Business,2024-07-01
1526,Female,Turkey,45-54,Solo,2023-05-07
1527,Female,Brazil,18-24,Solo,2024-11-08
1528,Female,United States,25-34,Couple,2025-05-14
1529,Male,United Kingdom,35-44,Solo,2021-11-20
1530,Female,France,45-54,Couple,2020-09-04
1531,Female,India,25-34,Solo,2022-12-26
1532,Male,Canada,25-34,Solo,2022-09-30
1533,Female,United Kingdom,35-44,Family,2023-10-28
1534,Male,United States,18-24,Couple,2022-11-01
1535,Female,United Kingdom,35-44,Family,2022-06-05
1536,Male,United Kingdom,25-34,Solo,2023-10-28
1537,Female,United States,45-54,,2023-10-10
1538,Female,United States,35-44,Couple,2022-04-03
1539,Male,Brazil,25-34,INVALID_LABEL,2023-07-07
1540,Male,United Kingdom,45-54,Couple,2024-01-20
1541,Other,United Kingdom,35-44,Family,2024-08-06
1542,Other,United States,18-24,Couple,2020-09-12
1543,Male,United Kingdom,25-34,Family,2024-09-21
1544,Male,Japan,25-34,Solo,2023-05-16
1545,Male,Thailand,25-34,Couple,2023-04-12
1546,Female,Japan,55+,Business,2024-11-27
1547,Male,China,25-34,Business,2021-11-23
1548,Male,Italy,25-34,Solo,
1549,Female,Canada,45-54,Family,2024-03-12
1550,Female,Germany,35-44,Couple,2023-03-16
1551,Female,United Kingdom,35-44,,2021-03-12
1552,Female,China,18-24,Solo,2020-10-16
1553,Other,Spain,45-54,Family,2024-05-25
1554,Male,Canada,18-24,Solo,2021-06-16
1555,Male,Australia,45-54,Couple,2024-05-21
1556,Other,South Africa,35-44,Business,2025-06-24
1557,Male,France,45-54,Business,2025-07-16
1558,Female,Japan,55+,Family,1900-01-01
1559,Female,INVALID_LABEL,55+,Business,2022-06-27
1560,Female,Mexico,25-34,Business,2023-07-06
1561,Male,United Kingdom,55+,Family,2024-06-12
1562,Female,United States,45-54,Family,2023-03-15
1563,Female,Brazil,25-34,,2025-06-24
1564,Female,China,25-34,Solo,2024-07-28
1565,Male,Japan,45-54,Couple,2021-01-06
1566,Female,Russia,25-34,Couple,2021-03-06
1567,Female,Canada,25-34,Solo,2023-11-30
1568,Female,United Kingdom,25-34,Business,2024-03-08
1569,Male,Japan,35-44,,2025-06-24
1570,Male,Netherlands,18-24,Couple,2023-07-14
1571,Female,Russia,18-24,,2022-09-28
1572,Male,United Kingdom,25-34,Couple,2022-03-14
1573,Female,France,45-54,Family,2022-03-29
1574,Male,Italy,35-44,Family,2021-04-08
1575,Female,New Zealand,25-34,Solo,2022-08-16
1576,Other,,25-34,Couple,2023-01-28
1577,Male,Germany,25-34,Couple,2025-03-30
1578,Female,United Kingdom,45-54,Solo,2023-11-19
1579,Male,China,35-44,Couple,2024-02-18
1580,Male,United Kingdom,25-34,Solo,2022-10-26
1581,Male,Australia,25-34,Business,2100-01-01
1582,Female,Germany,35-44,Business,2023-08-07
1583,Male,Russia,25-34,Solo,2022-10-16
1584,Female,Germany,45-54,Family,2021-10-28
1585,Female,New Zealand,45-54,Business,2020-08-19
1586,Male,United Kingdom,35-44,Couple,2024-01-30
1587,Male,Mexico,18-24,Couple,2021-12-12
1588,Female,Germany,55+,Solo,2025-03-01
1589,Male,Turkey,45-54,Couple,2022-12-27
1590,Male,United Kingdom,25-34,,2021-06-18
1591,Female,Australia,35-44,Family,2025-03-29
1592,Female,United States,25-34,Couple,2024-11-16
1593,Male,Brazil,35-44,Business,2023-09-28
1594,Male,United Arab Emirates,45-54,Solo,2023-11-03
1595,Male,,25-34,Couple,2024-01-24
1596,Male,INVALID_LABEL,45-54,Business,2022-08-23
1597,Male,Canada,25-34,Family,2023-03-08
1598,Female,Italy,25-34,Couple,2024-06-23
1599,Female,China,45-54,Family,2023-10-28
1600,Female,New Zealand,25-34,INVALID_LABEL,2021-03-21
1601,Male,New Zealand,45-54,Couple,2023-07-27
1602,Male,Brazil,35-44,INVALID_LABEL,2025-06-24
1603,Male,INVALID_LABEL,55+,Family,2024-09-05
1604,Other,United States,25-34,Family,2021-04-26
1605,Female,France,25-34,Solo,2021-04-12
1606,Male,United States,55+,Family,2022-10-31
1607,Other,Germany,35-44,Couple,2020-10-02
1608,Female,China,25-34,Couple,2024-03-20
1609,Female,Argentina,45-54,Solo,2024-03-10
1610,Male,Brazil,25-34,Couple,2022-07-18
1611,Female,China,25-34,Couple,2023-01-27
1612,Other,Brazil,55+,Family,2021-07-29
1613,Male,Brazil,25-34,Business,2023-01-30
1614,Other,Spain,45-54,Couple,2025-03-15
1615,Female,United States,45-54,Business,2022-03-23
1616,Male,France,25-34,Business,2023-06-05
1617,Male,Canada,25-34,Family,2022-08-02
1618,Male,Italy,35-44,Couple,2023-11-26
1619,Other,Nigeria,18-24,Business,2023-03-30
1620,Female,France,35-44,Solo,2024-09-02
1621,Female,Germany,25-34,Business,2024-11-13
1622,Other,Mexico,18-24,Family,2021-06-04
1623,Male,,35-44,Solo,2023-10-27
1624,Male,Mexico,35-44,Business,2023-01-09
1625,Male,United States,25-34,Family,2022-05-03
1626,Male,Turkey,35-44,Family,2021-12-09
1627,Female,Canada,45-54,Family,2023-07-29
1628,Male,United Kingdom,55+,Business,2022-10-05
1629,Female,Japan,25-34,Family,2020-11-17
1630,Female,United Kingdom,18-24,Business,2100-01-01
1631,Male,Mexico,35-44,Family,2025-08-04
1632,Male,Japan,55+,,2100-01-01
1633,Male,Russia,55+,Family,2021-11-04
1634,Male,Italy,25-34,Solo,2021-12-23
1635,Female,United States,25-34,INVALID_LABEL,2025-02-15
1636,Male,Spain,35-44,Solo,2023-06-13
1637,Male,South Korea,35-44,,2025-06-15
1638,Male,United States,25-34,Family,2020-12-17
1639,Female,United Kingdom,25-34,Family,2023-03-14
1640,Female,United Kingdom,25-34,Couple,2021-03-28
1641,Female,Canada,18-24,Couple,2023-05-22
1642,Male,France,35-44,Family,2023-08-31
1643,Female,United States,45-54,Couple,1900-01-01
1644,Male,China,45-54,Family,2022-04-26
1645,Female,China,55+,Family,2022-09-22
1646,Male,United States,25-34,Solo,2024-06-18
1647,Female,United States,18-24,Couple,2022-08-20
1648,Male,Brazil,25-34,Business,2023-09-27
1649,Male,Netherlands,25-34,Solo,2022-10-12
1650,Male,Russia,25-34,Couple,2022-11-28
1651,Female,Australia,35-44,Business,2022-05-07
1652,Female,United Kingdom,45-54,Solo,2024-08-08
1653,Female,South Korea,25-34,Couple,2020-08-16
1654,Male,INVALID_LABEL,25-34,Solo,2020-12-27
1655,Female,India,25-34,Solo,2021-08-17
1656,Male,United States,18-24,Couple,2020-11-28
1657,Male,India,25-34,Couple,2023-12-02
1658,Male,Australia,45-54,Business,2022-11-02
1659,Female,United Kingdom,35-44,Solo,2024-02-15
1660,Male,Turkey,25-34,Solo,2020-11-08
1661,Male,Argentina,35-44,Couple,2024-06-05
1662,Other,Australia,25-34,Business,
1663,Male,Germany,35-44,Couple,2021-07-08
1664,Male,Japan,18-24,Solo,2021-02-26
1665,Female,United States,55+,Couple,2023-01-07
1666,Female,United States,45-54,Business,2100-01-01
1667,Female,INVALID_LABEL,35-44,Business,2025-06-22
1668,Female,New Zealand,55+,Couple,2021-08-30
1669,Male,Mexico,35-44,Couple,2022-08-21
1670,Male,India,35-44,Business,2025-04-30
1671,Female,Australia,35-44,,2021-07-19
1672,Male,South Korea,25-34,Solo,2100-01-01
1673,Female,South Korea,25-34,Solo,2023-08-19
1674,Female,,35-44,Solo,2021-07-07
1675,Female,Japan,55+,Couple,2023-11-21
1676,Male,Thailand,35-44,Family,2023-10-04
1677,Female,Argentina,45-54,Family,2021-04-20
1678,Female,France,45-54,Solo,2024-06-14
1679,Male,New Zealand,25-34,Solo,2021-10-06
1680,Other,China,35-44,Couple,2022-09-26
1681,Male,INVALID_LABEL,55+,Family,2024-03-15
1682,Male,Turkey,35-44,Couple,2023-04-10
1683,Female,United States,18-24,Couple,2023-04-17
1684,Male,United Arab Emirates,25-34,Couple,2022-08-17
1685,Other,Argentina,35-44,Business,2024-08-28
1686,Female,,35-44,Family,2021-03-24
1687,Male,United States,25-34,,2024-03-20
1688,Male,France,18-24,Couple,2021-04-21
1689,Other,India,35-44,Couple,2100-01-01
1690,Male,,45-54,Business,
1691,Other,Germany,55+,INVALID_LABEL,2023-01-03
1692,Female,China,45-54,Solo,2023-09-28
1693,Male,,35-44,Solo,2021-04-02
1694,Female,United States,35-44,Family,1900-01-01
1695,Male,Germany,25-34,Business,2022-11-20
1696,Female,United Kingdom,25-34,Couple,2022-01-07
1697,Female,Germany,18-24,Family,
1698,Male,United Arab Emirates,35-44,Family,2023-07-24
1699,Female,Turkey,35-44,INVALID_LABEL,2021-08-06
1700,Male,Mexico,35-44,Couple,2024-08-06
1701,Other,France,45-54,Couple,2024-12-31
1702,Male,South Korea,55+,Business,2021-09-03
1703,Female,United Kingdom,35-44,Family,2021-07-06
1704,Male,Canada,55+,INVALID_LABEL,2023-02-01
1705,Other,United Kingdom,35-44,Couple,2025-01-08
1706,Male,Italy,35-44,Solo,2024-09-02
1707,Female,Japan,25-34,Couple,2024-10-20
1708,Female,Australia,25-34,Couple,2025-05-28
1709,Female,United Kingdom,35-44,Business,2022-12-26
1710,Male,United States,25-34,Business,2023-11-09
1711,Male,Germany,18-24,Family,2024-06-11
1712,Female,China,25-34,Family,2022-08-30
1713,Female,,18-24,Couple,2025-04-29
1714,Female,United Kingdom,35-44,Family,2024-04-12
1715,Female,United Kingdom,25-34,Family,2023-06-29
1716,Female,China,45-54,Solo,2022-10-13
1717,Female,Russia,25-34,Business,2022-09-03
1718,Male,Japan,25-34,Family,2024-06-06
1719,Female,United Arab Emirates,25-34,Business,2024-01-25
1720,Male,United Arab Emirates,35-44,Business,2022-01-24
1721,Male,Canada,45-54,Solo,2025-04-28
1722,Male,United States,35-44,Family,2022-03-27
1723,Male,Australia,45-54,Family,2023-02-28
1724,Female,Russia,35-44,Couple,2020-09-11
1725,Male,United Kingdom,18-24,Couple,2024-08-18
1726,Female,Japan,35-44,Family,2023-11-28
1727,Female,United Kingdom,35-44,Couple,2022-07-11
1728,Male,Canada,18-24,Couple,2024-01-11
1729,Female,United States,45-54,Couple,2022-08-13
1730,Female,Egypt,35-44,Solo,2023-10-29
1731,Male,Canada,25-34,Couple,2021-03-16
1732,Female,South Korea,18-24,Solo,2021-06-11
1733,Male,New Zealand,35-44,Family,2022-12-30
1734,Male,China,45-54,Business,2023-01-15
1735,Male,Mexico,35-44,Couple,2025-01-20
1736,Male,United Kingdom,55+,Family,2023-07-30
1737,Female,Japan,35-44,Family,2024-11-16
1738,Other,Russia,25-34,Couple,2024-08-30
1739,Female,New Zealand,35-44,Couple,2023-03-13
1740,Female,United Kingdom,25-34,Couple,2021-05-01
1741,Male,Netherlands,45-54,Solo,2021-05-28
1742,Female,Canada,35-44,Business,2022-01-31
1743,Female,Mexico,25-34,Couple,2024-03-31
1744,Female,Canada,25-34,Family,2024-11-04
1745,Female,India,35-44,Family,2023-06-17
1746,Male,Thailand,25-34,Business,2021-06-18
1747,Female,Italy,35-44,Business,2021-12-13
1748,Female,United Arab Emirates,25-34,Family,2023-06-19
1749,Female,Russia,25-34,Business,2023-08-10
1750,Female,Germany,25-34,Business,2021-08-11
1751,Male,France,18-24,Couple,2024-08-23
1752,Other,United States,18-24,Business,2025-04-09
1753,Male,United States,35-44,Couple,2021-01-29
1754,Female,China,35-44,Family,2023-10-10
1755,Male,France,45-54,,2024-07-14
1756,Other,United States,25-34,Solo,2022-08-23
1757,Female,Canada,18-24,Family,2024-05-02
1758,Male,United States,45-54,Couple,2024-12-17
1759,Male,Netherlands,18-24,Family,2024-10-18
1760,Female,France,35-44,Business,1900-01-01
1761,Female,New Zealand,45-54,Business,2025-01-29
1762,Female,South Africa,25-34,Couple,2023-08-15
1763,Male,Germany,35-44,Couple,2022-05-02
1764,Female,Thailand,25-34,Couple,2023-06-22
1765,Male,South Korea,25-34,Solo,2024-11-11
1766,Male,China,18-24,Couple,2024-08-10
1767,Other,Australia,35-44,Couple,2022-11-13
1768,Female,Thailand,45-54,Couple,2024-11-11
1769,Male,China,35-44,INVALID_LABEL,2025-04-21
1770,Male,France,35-44,Solo,2024-12-14
1771,Female,INVALID_LABEL,35-44,Couple,2022-10-01
1772,Female,France,45-54,Solo,2021-01-20
1773,Male,Germany,18-24,Couple,2025-03-13
1774,Male,Spain,35-44,Solo,2023-05-24
1775,Male,Canada,25-34,Solo,2021-09-23
1776,Other,Netherlands,55+,Business,2020-12-27
1777,Male,Germany,35-44,Family,2025-04-20
1778,Male,Brazil,55+,Couple,2021-01-17
1779,Male,Canada,25-34,Family,2021-12-13
1780,Other,United Arab Emirates,25-34,Business,2023-09-27
1781,Male,France,35-44,Solo,2022-10-21
1782,Female,United States,35-44,Family,1900-01-01
1783,Female,United States,45-54,Business,2020-09-14
1784,Male,United Arab Emirates,55+,Family,2022-07-04
1785,Female,Japan,35-44,,2025-06-05
1786,Female,Mexico,45-54,Business,2024-04-01
1787,Female,Canada,55+,Couple,2023-04-28
1788,Female,Argentina,35-44,Solo,2022-03-26
1789,Female,India,25-34,Family,2024-01-11
1790,Female,China,25-34,Business,
1791,Male,United Kingdom,25-34,Business,2021-02-27
1792,Male,France,25-34,Couple,2023-05-12
1793,Female,,35-44,Couple,2021-09-27
1794,Female,India,25-34,Business,2024-08-01
1795,Female,India,35-44,Business,2023-12-18
1796,Male,Canada,45-54,Couple,2021-03-01
1797,Female,France,55+,Couple,2024-05-14
1798,Female,India,35-44,Couple,2021-05-31
1799,Female,New Zealand,18-24,Solo,2022-07-19
1800,Female,INVALID_LABEL,45-54,Family,2021-04-30
1801,Female,Australia,35-44,Couple,2100-01-01
1802,Female,United States,45-54,Family,2021-01-20
1803,Female,Italy,18-24,Business,2023-07-14
1804,Female,Brazil,45-54,Family,2021-11-28
1805,Other,United Kingdom,35-44,Business,2022-09-27
1806,Male,India,25-34,Family,2024-09-10
1807,Male,France,18-24,INVALID_LABEL,2024-01-29
1808,Female,Brazil,18-24,INVALID_LABEL,2021-11-19
1809,Male,United States,18-24,Couple,2022-02-01
1810,Male,France,35-44,Business,2025-04-29
1811,Other,,35-44,Business,2024-09-02
1812,Male,United Kingdom,25-34,Family,2022-08-04
1813,Male,,35-44,Solo,2025-06-25
1814,Female,,45-54,Couple,2021-07-05
1815,Male,United Kingdom,25-34,Family,2024-05-23
1816,Female,United States,18-24,,2023-09-26
1817,Male,New Zealand,18-24,Solo,2020-09-12
1818,Female,United Kingdom,55+,Family,2020-12-21
1819,Female,China,55+,Business,2023-01-07
1820,Female,France,45-54,Solo,2025-05-27
1821,Other,United Kingdom,25-34,Family,2022-11-05
1822,Female,Russia,35-44,Couple,2025-01-03
1823,Male,China,18-24,Family,2020-11-28
1824,Female,Netherlands,45-54,Couple,2022-05-01
1825,Male,United States,18-24,Business,2023-01-07
1826,Female,South Korea,35-44,Couple,2021-04-18
1827,Female,,18-24,Couple,
1828,Male,United States,35-44,,2021-03-27
1829,Other,Russia,25-34,Solo,2023-11-24
1830,Male,Germany,35-44,,2024-02-15
1831,Male,China,55+,Solo,2021-11-16
1832,Female,Germany,35-44,,2022-08-19
1833,Female,INVALID_LABEL,55+,Couple,2022-04-21
1834,Male,,55+,Solo,2022-01-11
1835,Female,China,18-24,Family,2025-07-19
1836,Other,Russia,25-34,Family,
1837,Male,Brazil,25-34,Family,
1838,Male,Mexico,55+,Solo,2021-02-17
1839,Male,INVALID_LABEL,55+,Couple,2022-06-29
1840,Female,Argentina,25-34,Family,2024-06-09
1841,Male,Mexico,35-44,Family,2020-10-06
1842,Female,Canada,25-34,Solo,2022-09-17
1843,Female,Brazil,18-24,Family,2022-06-30
1844,Female,South Korea,18-24,Family,2025-04-29
1845,Female,Canada,18-24,Couple,2024-04-01
1846,Female,India,35-44,Business,2023-04-11
1847,Female,Germany,35-44,,2020-11-07
1848,Male,United States,25-34,Family,2023-06-15
1849,Female,United Kingdom,55+,Family,2100-01-01
1850,Female,New Zealand,25-34,Solo,2021-06-04
1851,Male,United Kingdom,45-54,Family,2023-02-21
1852,Male,United States,25-34,,2025-06-05
1853,Other,Japan,35-44,Family,2021-04-14
1854,Female,United States,35-44,Couple,2023-10-03
1855,Male,United Kingdom,55+,Family,2020-09-10
1856,Female,United Kingdom,35-44,Business,2021-08-21
1857,Male,India,25-34,Solo,2022-05-16
1858,Female,Germany,25-34,,2021-03-23
1859,Female,United States,18-24,Family,2022-05-30
1860,Other,Turkey,45-54,Couple,2024-07-01
1861,Other,France,35-44,,2022-06-01
1862,Female,Thailand,25-34,Couple,2100-01-01
1863,Female,United States,35-44,Family,2023-11-22
1864,Male,South Africa,25-34,Business,2020-09-23
1865,Female,Germany,35-44,Couple,2022-11-08
1866,Male,Japan,35-44,Solo,2021-11-14
1867,Female,United States,55+,Couple,2024-07-16
1868,Other,Spain,45-54,Solo,2024-05-24
1869,Male,United States,18-24,Couple,2021-07-19
1870,Male,Russia,25-34,Business,2022-06-27
1871,Other,United Kingdom,45-54,Solo,2024-10-11
1872,Female,Thailand,35-44,Couple,
1873,Female,INVALID_LABEL,25-34,Solo,2024-09-17
1874,Male,Spain,55+,Solo,2020-12-31
1875,Male,Mexico,45-54,Family,2025-06-22
1876,Other,United States,35-44,Couple,2022-12-07
1877,Female,South Korea,35-44,,2022-06-16
1878,Female,United Kingdom,35-44,,2024-03-08
1879,Other,Spain,45-54,Solo,2025-07-24
1880,Other,Australia,35-44,Solo,
1881,Female,,25-34,Solo,2024-12-23
1882,Other,United States,25-34,Business,2023-12-21
1883,Male,Russia,35-44,Couple,2022-05-31
1884,Female,Argentina,45-54,Family,2023-10-27
1885,Female,United Arab Emirates,35-44,Solo,2023-05-09
1886,Female,Australia,35-44,Solo,2023-07-29
1887,Female,United States,25-34,Couple,2025-03-25
1888,Female,Netherlands,18-24,Family,2024-10-28
1889,Male,,25-34,Couple,2024-10-10
1890,Female,United States,35-44,Business,2022-08-26
1891,Male,United Kingdom,25-34,Couple,
1892,Female,,45-54,Business,2020-10-22
1893,Male,United Arab Emirates,18-24,Family,2024-01-14
1894,Male,Germany,35-44,Couple,2021-08-14
1895,Male,China,18-24,Business,2020-08-17
1896,Male,Italy,25-34,Couple,2023-06-06
1897,Female,United States,45-54,Family,2024-03-02
1898,Female,United States,18-24,Couple,2021-01-03
1899,Male,United States,45-54,Couple,2022-08-14
1900,Other,Japan,25-34,Family,2025-07-10
1901,Female,Nigeria,55+,Family,2025-05-27
1902,Male,Germany,18-24,Solo,2024-07-24
1903,Female,United States,45-54,Couple,2022-06-11
1904,Male,,55+,Couple,2022-07-26
1905,Male,China,25-34,Family,2022-01-20
1906,Male,Germany,18-24,Couple,2020-11-21
1907,Male,Brazil,35-44,Couple,2024-12-18
1908,Other,India,45-54,Couple,2023-11-01
1909,Female,Japan,45-54,Solo,2024-04-13
1910,Male,South Korea,45-54,Family,
1911,Female,United Kingdom,55+,Couple,2022-06-13
1912,Female,United States,45-54,Couple,2024-03-06
1913,Male,China,35-44,Solo,2023-09-05
1914,Female,Argentina,25-34,Family,2020-08-18
1915,Female,United Arab Emirates,25-34,Couple,2021-05-08
1916,Male,France,25-34,Couple,2021-05-27
1917,Female,India,35-44,Family,2024-06-28
1918,Female,United Kingdom,25-34,Family,
1919,Other,,35-44,Couple,2024-06-17
1920,Male,Italy,45-54,Couple,2023-12-30
1921,Female,United States,35-44,Solo,2023-06-15
1922,Male,Spain,25-34,Family,2023-01-27
1923,Female,France,35-44,Solo,2021-11-03
1924,Female,Egypt,25-34,INVALID_LABEL,2022-01-03
1925,Male,United States,18-24,Couple,2022-08-18
1926,Female,United Kingdom,25-34,Couple,2100-01-01
1927,Male,Brazil,45-54,Couple,2021-01-16
1928,Female,India,35-44,Couple,2021-12-02
1929,Male,,35-44,Couple,2023-01-17
1930,Female,,18-24,Solo,2024-02-28
1931,Female,Germany,25-34,Family,2022-02-25
1932,Male,China,35-44,Business,2022-06-07
1933,Female,United States,45-54,Business,2021-11-25
1934,Male,Thailand,35-44,Couple,2023-11-01
1935,Male,Italy,25-34,Business,2022-01-14
1936,Female,China,35-44,Family,2022-06-15
1937,Female,Turkey,35-44,Business,2024-11-04
1938,Male,China,25-34,Business,2022-09-20
1939,Male,United States,55+,Business,2023-09-24
1940,Male,France,45-54,Couple,2025-05-27
1941,Male,China,25-34,Solo,2023-07-19
1942,Male,China,45-54,Solo,2021-08-01
1943,Male,France,35-44,Solo,2025-01-23
1944,Female,United States,35-44,Solo,2024-11-08
1945,Male,United Kingdom,25-34,Business,2020-09-20
1946,Male,Russia,35-44,Couple,2024-02-25
1947,Male,Russia,35-44,Couple,2024-05-03
1948,Male,France,25-34,Couple,2024-01-10
1949,Male,United States,25-34,Couple,2022-08-10
1950,Male,South Korea,25-34,Solo,2025-07-15
1951,Male,Thailand,45-54,Business,2021-06-10
1952,Male,Mexico,45-54,Solo,2024-12-11
1953,Male,China,35-44,Business,2021-07-30
1954,Female,United Kingdom,25-34,Business,2021-05-22
1955,Female,New Zealand,55+,Solo,2024-03-04
1956,Male,INVALID_LABEL,35-44,INVALID_LABEL,2023-08-18
1957,Male,Germany,35-44,Couple,2022-05-20
1958,Female,India,55+,,2023-10-04
1959,Male,Mexico,25-34,Couple,2021-09-11
1960,Female,China,35-44,Family,2023-01-17
1961,Male,Japan,35-44,Business,2025-03-18
1962,Female,United States,35-44,Couple,2022-04-26
1963,Male,Spain,25-34,Solo,2025-02-25
1964,Female,South Korea,35-44,Business,2025-07-23
1965,Female,Singapore,45-54,Solo,1900-01-01
1966,Male,United States,45-54,Family,2022-06-21
1967,Male,China,45-54,Business,2025-03-11
1968,Male,United Kingdom,35-44,Business,2021-11-24
1969,Male,Russia,35-44,Solo,2021-06-03
1970,Male,United States,35-44,,2023-05-21
1971,Female,Mexico,35-44,Family,2024-01-07
1972,Female,India,55+,Couple,
1973,Female,Argentina,35-44,Solo,2022-02-11
1974,Male,United States,35-44,,2023-01-19
1975,Female,Brazil,55+,Business,
1976,Male,United Kingdom,18-24,,2022-08-02
1977,Male,New Zealand,25-34,Business,2022-08-29
1978,Male,Germany,18-24,Solo,2020-09-09
1979,Male,Turkey,55+,Couple,2023-01-02
1980,Male,India,25-34,Couple,2023-09-20
1981,Female,Canada,25-34,Family,2023-09-05
1982,Male,New Zealand,25-34,Couple,2021-06-29
1983,Other,Mexico,35-44,Business,2025-07-29
1984,Female,Thailand,55+,,2024-01-30
1985,Male,,35-44,Couple,2025-07-27
1986,Other,India,45-54,Solo,2022-04-27
1987,Male,United States,25-34,Family,2025-07-13
1988,Female,,45-54,Couple,2021-06-21
1989,Female,Germany,45-54,Family,2021-10-24
1990,Other,Russia,35-44,INVALID_LABEL,2022-07-29
1991,Male,United Arab Emirates,25-34,Family,2024-03-30
1992,Female,France,35-44,Business,2023-07-05
1993,Female,,45-54,,2025-05-12
1994,Other,Netherlands,35-44,Solo,2022-04-28
1995,Female,Germany,45-54,Business,2020-09-21
1996,Male,Netherlands,45-54,Couple,2020-09-06
1997,Female,South Korea,18-24,Couple,2023-05-24
1998,Male,China,45-54,Solo,2022-12-09
1999,Female,China,55+,Business,2024-12-27
2000,Male,South Korea,35-44,Couple,2022-02-11
